"140","2015-02-02 14:19:00",23.7,26.272,585.2,749.2,0.00476416302416414,1
"141","2015-02-02 14:19:59",23.718,26.29,578.4,760.4,0.00477266099212519,1
"142","2015-02-02 14:21:00",23.73,26.23,572.666666666667,769.666666666667,0.00476515255246541,1
"143","2015-02-02 14:22:00",23.7225,26.125,493.75,774.75,0.00474377335599685,1
"144","2015-02-02 14:23:00",23.754,26.2,488.6,779,0.00476659399998615,1
"145","2015-02-02 14:23:59",23.76,26.26,568.666666666667,790,0.00477933243163454,1
"146","2015-02-02 14:25:00",23.73,26.29,536.333333333333,798,0.00477613633274892,1
"147","2015-02-02 14:25:59",23.754,26.29,509,797,0.00478309370839038,1
"148","2015-02-02 14:26:59",23.754,26.35,476,803.2,0.00479409399662041,1
"149","2015-02-02 14:28:00",23.736,26.39,510,809,0.00479618871038935,1
"150","2015-02-02 14:29:00",23.745,26.445,481.5,815.25,0.00480888622067716,1
"151","2015-02-02 14:30:00",23.7,26.56,481.8,824,0.0048167933677358,1
"152","2015-02-02 14:31:00",23.7,26.6,475.25,832,0.00482410383674874,1
"153","2015-02-02 14:31:59",23.7,26.7,469,845.333333333333,0.00484238075533563,1
"154","2015-02-02 14:32:59",23.7,26.774,464,852.4,0.00485590636128976,1
"155","2015-02-02 14:34:00",23.7,26.89,464,861,0.00487710983719076,1
"156","2015-02-02 14:35:00",23.7,26.9725,455,880,0.004892190768364,1
"157","2015-02-02 14:36:00",23.6,26.89,454,891,0.00484759441396992,1
"158","2015-02-02 14:37:00",23.64,26.976,458,897.6,0.0048750447811301,1
"159","2015-02-02 14:38:00",23.65,27.05,464,900.5,0.00489149158929623,1
"160","2015-02-02 14:38:59",23.64,27.1,473,908.8,0.00489763024345823,1
"161","2015-02-02 14:39:59",23.6,27.16,464,918,0.00489665184522539,1
"162","2015-02-02 14:41:00",23.6,27.236,498.4,925.2,0.00491046198855591,1
"163","2015-02-02 14:42:00",23.6,27.29,530.2,929.4,0.0049202748285747,1
"164","2015-02-02 14:43:00",23.6,27.33,533.6,936.4,0.00492754379701558,1
"165","2015-02-02 14:44:00",23.6,27.34,524.25,950,0.0049293610654639,1
"166","2015-02-02 14:44:59",23.625,27.3925,498.666666666667,961,0.00494640574744149,1
"167","2015-02-02 14:45:59",23.6,27.39,516.333333333333,963,0.00493844756573873,1
"168","2015-02-02 14:47:00",23.6,27.412,501.2,958.6,0.00494244570930318,1
"169","2015-02-02 14:48:00",23.6,27.5,522,965.333333333333,0.00495843879351724,1
"170","2015-02-02 14:49:00",23.6,27.525,520.5,979.25,0.00496298243218165,1
"171","2015-02-02 14:50:00",23.6,27.6,505.285714285714,978.428571428571,0.00497661374332263,1
"172","2015-02-02 14:51:00",23.6,27.6,488.333333333333,983,0.00497661374332263,1
"173","2015-02-02 14:51:59",23.6,27.54,512,992.6,0.00496570864699156,1
"174","2015-02-02 14:53:00",23.6,27.6,511,997.2,0.00497661374332263,1
"175","2015-02-02 14:54:00",23.6166666666667,27.6333333333333,501.5,999.5,0.00498771842139186,1
"176","2015-02-02 14:55:00",23.6666666666667,27.7,503.666666666667,1001,0.00501505086095386,1
"177","2015-02-02 14:55:59",23.6,27.7,483.166666666667,1009.5,0.00499478974690881,1
"178","2015-02-02 14:57:00",23.6,27.7225,483.5,1019,0.00499887949294923,1
"179","2015-02-02 14:57:59",23.6,27.79,473,1021,0.00501114905119468,1
"180","2015-02-02 14:58:59",23.6,27.8566666666667,470.333333333333,1024.66666666667,0.00502326760476436,1
"181","2015-02-02 15:00:00",23.6,27.8042857142857,480.142857142857,1030.42857142857,0.00501374584466786,1
"182","2015-02-02 15:01:00",23.575,27.79,464,1026.25,0.00500354474845336,1
"183","2015-02-02 15:02:00",23.54,27.81,474.4,1028,0.00499653801060323,1
"184","2015-02-02 15:03:00",23.6,27.978,470,1034.8,0.00504532457442066,1
"185","2015-02-02 15:04:00",23.525,28,454,1055.5,0.00502636675819462,1
"186","2015-02-02 15:04:59",23.5,27.978,454,1055.25,0.0050147597241768,1
"187","2015-02-02 15:06:00",23.5,28,454,1050,0.00501873480786954,1
"188","2015-02-02 15:07:00",23.5,28,454,1051.25,0.00501873480786954,1
"189","2015-02-02 15:08:00",23.5,28,445,1053.6,0.00501873480786954,1
"190","2015-02-02 15:08:59",23.5,28,439,1055.5,0.00501873480786954,1
"191","2015-02-02 15:10:00",23.5,28.025,444.25,1055,0.00502325200960961,1
"192","2015-02-02 15:10:59",23.445,28.125,454.75,1059.5,0.00502449114747957,1
"193","2015-02-02 15:11:59",23.39,28.18,455.8,1060,0.00501758227438523,1
"194","2015-02-02 15:13:00",23.39,28.2,451.6,1073.6,0.00502117211635073,1
"195","2015-02-02 15:14:00",23.39,28.2,451.6,1078.6,0.00502117211635073,1
"196","2015-02-02 15:15:00",23.39,28.2,454.75,1081,0.00502117211635073,1
"197","2015-02-02 15:16:00",23.39,28.2225,454.75,1082,0.00502521073769626,1
"198","2015-02-02 15:16:59",23.39,28.3733333333333,457.5,1088.83333333333,0.00505228580200481,1
"199","2015-02-02 15:17:59",23.37,28.39,464,1090.6,0.00504912954232637,1
"200","2015-02-02 15:19:00",23.39,28.3233333333333,464,1086,0.00504331038348948,1
"201","2015-02-02 15:20:00",23.3733333333333,28.445,464,1092.5,0.00506001703431877,1
"202","2015-02-02 15:21:00",23.39,28.5,471.5,1103.75,0.00507502467892817,1
"203","2015-02-02 15:22:00",23.3233333333333,28.5,475.666666666667,1104.5,0.0050544759894773,1
"204","2015-02-02 15:23:00",23.365,28.5,471.5,1103.5,0.00506731029811295,1
"205","2015-02-02 15:23:59",23.29,28.5,467.75,1112,0.00504422920396206,1
"206","2015-02-02 15:24:59",23.3066666666667,28.5333333333333,466.5,1105.66666666667,0.00505530397430099,1
"207","2015-02-02 15:26:00",23.29,28.7,464,1104,0.00507991640233217,1
"208","2015-02-02 15:27:00",23.29,28.7,467,1117.2,0.00507991640233217,1
"209","2015-02-02 15:28:00",23.29,28.675,467.75,1121.25,0.00507545528038826,1
"210","2015-02-02 15:29:00",23.29,28.6166666666667,466.5,1115.66666666667,0.00506504624269139,1
"211","2015-02-02 15:29:59",23.29,28.66,459,1120,0.00507277863768927,1
"212","2015-02-02 15:30:59",23.29,28.55,464,1123.75,0.0050531506227436,1
"213","2015-02-02 15:32:00",23.29,28.6,470,1116,0.00506207229539191,1
"214","2015-02-02 15:33:00",23.272,28.6,464,1126.8,0.00505652695304372,1
"215","2015-02-02 15:34:00",23.2,28.4175,464,1112.75,0.00500201570843155,1
"216","2015-02-02 15:35:00",23.23,28.5,449,1104.5,0.0050258311747689,1
"217","2015-02-02 15:36:00",23.29,28.5,464,1108,0.00504422920396206,1
"218","2015-02-02 15:36:59",23.215,28.6333333333333,462.333333333333,1127.83333333333,0.00504492264821108,1
"219","2015-02-02 15:38:00",23.2,28.6,469,1128.75,0.00503439915237488,1
"220","2015-02-02 15:39:00",23.2,28.65,469,1124.25,0.00504327191257943,1
"221","2015-02-02 15:40:00",23.2,28.62,469,1130.4,0.0050379482263243,1
"222","2015-02-02 15:40:59",23.2,28.7,464,1138,0.00505214492389298,1
"223","2015-02-02 15:42:00",23.2,28.7,456.5,1144,0.00505214492389298,1
"224","2015-02-02 15:42:59",23.2,28.718,457,1140,0.0050553392694394,1
"225","2015-02-02 15:43:59",23.2,28.79,450.25,1139.25,0.00506811697708606,1
"226","2015-02-02 15:45:00",23.2,28.79,446,1167.33333333333,0.00506811697708606,1
"227","2015-02-02 15:46:00",23.14,28.79,451.6,1159.6,0.00504961840975861,1
"228","2015-02-02 15:47:00",23.15,28.89,454.75,1157.75,0.00507039060666789,1
"229","2015-02-02 15:48:00",23.15,28.89,448,1159.5,0.00507039060666789,1
"230","2015-02-02 15:49:00",23.18,28.83,444,1156.4,0.00506903438932986,1
"231","2015-02-02 15:49:59",23.1166666666667,28.945,444,1160,0.00506980946716446,1
"232","2015-02-02 15:51:00",23.14,28.956,444,1169.8,0.00507897170322202,1
"233","2015-02-02 15:52:00",23.1,29,444,1176.16666666667,0.00507436212642666,1
"234","2015-02-02 15:53:00",23.1,29.075,444,1175.25,0.00508759281801227,1
"235","2015-02-02 15:53:59",23.1,28.918,444,1166.6,0.00505989720917094,1
"236","2015-02-02 15:55:00",23.1,27.925,444,1140.25,0.0048847835460129,1
"237","2015-02-02 15:55:59",23.06,27.772,444,1089.2,0.00484597890696344,1
"238","2015-02-02 15:56:59",23.02,27.556,435,1042.6,0.00479628399598345,1
"239","2015-02-02 15:58:00",23.01,27.8188333333333,432,1051.1,0.00483943509812856,1
"240","2015-02-02 15:59:00",23,28.0816666666667,429,1059.6,0.00488253791514092,1
"241","2015-02-02 16:00:00",23,27.956,429,1064.6,0.00486051760799699,1
"242","2015-02-02 16:01:00",22.9816666666667,27.9083333333333,429,1061.66666666667,0.00484674149485762,1
"243","2015-02-02 16:01:59",23,27.9266666666667,429,1058.33333333333,0.00485537781204804,1
"244","2015-02-02 16:02:59",23,28.018,429,1061.6,0.00487138154496758,1
"245","2015-02-02 16:04:00",22.9816666666667,28.0666666666667,429,1070.33333333333,0.00487445417299691,1
"246","2015-02-02 16:05:00",22.945,28.1,429,1074,0.00486938124670424,1
"247","2015-02-02 16:06:00",23,28.1,429,1086.25,0.0048857505561061,1
"248","2015-02-02 16:07:00",22.956,28.2,429,1089.6,0.00489012795696835,1
"249","2015-02-02 16:08:00",22.9725,28.1,429,1085,0.00487755984259212,1
"250","2015-02-02 16:08:59",22.945,28.1333333333333,429,1085,0.00487520277362808,1
"251","2015-02-02 16:09:59",23,28.2,429,1088,0.00490327463194147,1
"252","2015-02-02 16:11:00",22.945,28.2,429,1091.75,0.00488684615185727,1
"253","2015-02-02 16:12:00",23,28.1333333333333,429,1091.33333333333,0.00489159180585966,1
"254","2015-02-02 16:13:00",22.912,28.1,429,1088.2,0.00485958290505565,1
"255","2015-02-02 16:14:00",22.89,28.1,429,1087.5,0.00485306034574781,1
"256","2015-02-02 16:14:59",22.89,27.956,432,1079.2,0.00482799752977294,1
"257","2015-02-02 16:15:59",22.865,27.84,432.75,1077.25,0.00480047642649419,1
"258","2015-02-02 16:17:00",22.8733333333333,27.6833333333333,439,1064.16666666667,0.00477568424252338,1
"259","2015-02-02 16:18:00",22.8733333333333,27.6,429,1056.4,0.00476119826877342,1
"260","2015-02-02 16:19:00",22.89,27.6,432.75,1043.6,0.00476604528011147,1
"261","2015-02-02 16:20:00",22.815,27.445,432.75,1039.5,0.0047174223493656,1
"262","2015-02-02 16:21:00",22.84,27.3733333333333,436.5,1028.66666666667,0.00471219953995305,1
"263","2015-02-02 16:21:59",22.79,27.365,438,1020.4,0.00469639044961084,1
"264","2015-02-02 16:23:00",22.79,27.2,444,1018,0.00466786058404679,1
"265","2015-02-02 16:24:00",22.79,27.1714285714286,435.428571428571,1015.14285714286,0.00466292061142762,1
"266","2015-02-02 16:25:00",22.79,27.0666666666667,434,1006.33333333333,0.00464480804480218,1
"267","2015-02-02 16:25:59",22.79,27.02,432,1002.6,0.00463674005674535,1
"268","2015-02-02 16:27:00",22.772,26.934,438,993.2,0.00461679349309269,1
"269","2015-02-02 16:27:59",22.76,26.8233333333333,439,983.333333333333,0.00459431462064815,1
"270","2015-02-02 16:28:59",22.7,26.754,432,976.2,0.00456558276701595,1
"271","2015-02-02 16:30:00",22.7225,26.7,432.75,980.75,0.00456256926364279,1
"272","2015-02-02 16:31:00",22.7,26.6833333333333,434,971.333333333333,0.00455343518515253,1
"273","2015-02-02 16:32:00",22.7,26.5333333333333,444,966.666666666667,0.00452765178461813,1
"274","2015-02-02 16:33:00",22.7,26.4633333333333,444,963,0.00451562025722854,1
"275","2015-02-02 16:34:00",22.7,26.445,441.5,952.333333333333,0.00451246921927278,1
"276","2015-02-02 16:34:59",22.7,26.34,444,948,0.00449442297611622,1
"277","2015-02-02 16:36:00",22.7,26.26,444,945,0.00448067415529907,1
"278","2015-02-02 16:37:00",22.7,26.2,441,941.6,0.00447036293569594,1
"279","2015-02-02 16:38:00",22.7,26.16,438,929.8,0.00446348897786061,1
"280","2015-02-02 16:38:59",22.7,26.02,441,923.8,0.00443943131332927,1
"281","2015-02-02 16:40:00",22.7,26.1,440.25,919,0.00445317832394532,1
"282","2015-02-02 16:40:59",22.7,26,439,918.25,0.0044359946549457,1
"283","2015-02-02 16:41:59",22.7,25.934,438,919.4,0.00442465394980727,1
"284","2015-02-02 16:43:00",22.7,25.9266666666667,439,927.333333333333,0.00442339389680503,1
"285","2015-02-02 16:44:00",22.7,25.815,432.75,920.25,0.00440420735236127,1
"286","2015-02-02 16:45:00",22.68,25.772,432,902.4,0.00439144943150097,1
"287","2015-02-02 16:46:00",22.64,25.696,429,904.4,0.00436771760822153,1
"288","2015-02-02 16:46:59",22.6,25.575,429,897,0.00433639010072962,1
"289","2015-02-02 16:47:59",22.6666666666667,25.6,429,892,0.00435838319402606,1
"290","2015-02-02 16:49:00",22.6,25.525,433.5,882.5,0.00432785332156062,1
"291","2015-02-02 16:50:00",22.62,25.476,436.2,887.2,0.00432477212303797,1
"292","2015-02-02 16:51:00",22.625,25.55,442.5,889.25,0.00433874780423475,1
"293","2015-02-02 16:52:00",22.6,25.39,443.4,889.2,0.00430480518013568,1
"294","2015-02-02 16:53:00",22.65,25.42,438,880.75,0.0043231196096785,1
"295","2015-02-02 16:53:59",22.6,25.2675,442.5,868.75,0.0042838925937963,1
"296","2015-02-02 16:54:59",22.6,25.218,439.8,861,0.00427544259793873,1
"297","2015-02-02 16:56:00",22.6,25.2,439.8,860.6,0.0042723699287058,1
"298","2015-02-02 16:57:00",22.6,25.2,435.5,864,0.0042723699287058,1
"299","2015-02-02 16:58:00",22.6,25.15,430.75,859,0.00426383489458762,1
"300","2015-02-02 16:59:00",22.6,25.14,440.6,854.4,0.00426212791568025,1
"301","2015-02-02 16:59:59",22.6,25.15,428.2,847.4,0.00426383489458762,1
"302","2015-02-02 17:00:59",22.6,25.04,432.2,837.2,0.00424505863838244,1
"303","2015-02-02 17:02:00",22.6,25.05,431.75,834.75,0.00424676552424079,1
"304","2015-02-02 17:03:00",22.6,25.06,429.2,832.4,0.0042484724194037,1
"305","2015-02-02 17:04:00",22.6,25,433,832,0.00423823118799312,1
"306","2015-02-02 17:05:00",22.6,25,433,836.25,0.00423823118799312,1
"307","2015-02-02 17:06:00",22.6,25,428.2,832.6,0.00423823118799312,1
"308","2015-02-02 17:06:59",22.6,25.025,428.25,821.5,0.0042424983270408,1
"309","2015-02-02 17:08:00",22.6,25.1,425.4,832.4,0.00425530009310245,1
"310","2015-02-02 17:09:00",22.6,25.08,429.2,832.4,0.0042518862376435,1
"311","2015-02-02 17:10:00",22.56,25.02,433,830.75,0.0042312841785683,1
"312","2015-02-02 17:10:59",22.58,25.08,433,821.5,0.00424669048857924,1
"313","2015-02-02 17:12:00",22.575,25.075,433,818.25,0.00424454028030122,1
"314","2015-02-02 17:12:59",22.56,24.912,433,819.8,0.00421289593420237,1
"315","2015-02-02 17:13:59",22.55,25.2,433,822.5,0.00425932809708705,1
"316","2015-02-02 17:15:00",22.6,24.9175,433,818,0.00422415004171152,1
"317","2015-02-02 17:16:00",22.58,25.06,433,812.8,0.00424328087024612,1
"318","2015-02-02 17:17:00",22.5666666666667,24.9083333333333,433,816.5,0.00421398909213464,1
"319","2015-02-02 17:18:00",22.525,24.945,433,822.25,0.00420949461543371,1
"320","2015-02-02 17:19:00",22.54,24.89,433,825,0.0042040055610701,1
"321","2015-02-02 17:19:59",22.5,24.865,433,816.5,0.00418949204255268,1
"322","2015-02-02 17:21:00",22.5,24.9175,433,811.5,0.00419839744963948,1
"323","2015-02-02 17:22:00",22.5,24.9116666666667,433,811,0.00419740794745465,1
"324","2015-02-02 17:23:00",22.56,24.81,433,812.2,0.00419553025049749,1
"325","2015-02-02 17:23:59",22.525,24.89,426,814.25,0.00420015063495153,1
"326","2015-02-02 17:25:00",22.52,24.976,430.2,824,0.00421347256504319,1
"327","2015-02-02 17:25:59",22.575,25.075,433,834.5,0.00424454028030123,1
"328","2015-02-02 17:26:59",22.6,25,433,837,0.00423823118799312,1
"329","2015-02-02 17:28:00",22.6,25.0214285714286,433,841.166666666667,0.00424188873218796,1
"330","2015-02-02 17:29:00",22.6,25.0428571428571,433,845.333333333333,0.00424554631910682,1
"331","2015-02-02 17:30:00",22.6,25.1,433,854.75,0.00425530009310245,1
"332","2015-02-02 17:31:00",22.6,25.1,428.333333333333,850.333333333333,0.00425530009310245,1
"333","2015-02-02 17:31:59",22.6,25.08,424.6,845.4,0.0042518862376435,1
"334","2015-02-02 17:32:59",22.6,25.1666666666667,433,854.333333333333,0.00426667988011176,1
"335","2015-02-02 17:34:00",22.6,25.0666666666667,428.333333333333,849.333333333333,0.00424961035468154,0
"336","2015-02-02 17:35:00",22.6,25.2,422.5,853,0.0042723699287058,0
"337","2015-02-02 17:36:00",22.6,25.2,423.666666666667,853,0.0042723699287058,0
"338","2015-02-02 17:37:00",22.54,25.16,424.6,852,0.0042499210749079,0
"339","2015-02-02 17:38:00",22.54,25.16,427.4,853.6,0.0042499210749079,0
"340","2015-02-02 17:38:59",22.54,25.14,421.8,845.6,0.0042465196948245,0
"341","2015-02-02 17:39:59",22.525,25.1,426,834.25,0.00423582915169482,0
"342","2015-02-02 17:41:00",22.5,25.04,421.8,826.4,0.00421917771792251,0
"343","2015-02-02 17:42:00",22.5,25,419,819.6,0.00421239217255268,0
"344","2015-02-02 17:43:00",22.5,25,419,829.6,0.00421239217255268,0
"345","2015-02-02 17:44:00",22.5,25,419,824,0.00421239217255268,0
"346","2015-02-02 17:44:59",22.5,24.912,419,814.2,0.0041974644903524,0
"347","2015-02-02 17:45:59",22.5,24.89,419,813.5,0.0041937326810038,0
"348","2015-02-02 17:47:00",22.5,24.89,419,813.8,0.0041937326810038,0
"349","2015-02-02 17:48:00",22.5,24.89,419,811,0.0041937326810038,0
"350","2015-02-02 17:49:00",22.478,24.87,419,804.6,0.00418470411108146,0
"351","2015-02-02 17:50:00",22.456,24.83,419,807.8,0.00417230818064312,0
"352","2015-02-02 17:51:00",22.5,24.8566666666667,419,802.333333333333,0.00418807850916583,0
"353","2015-02-02 17:51:59",22.4175,24.7475,419,796.75,0.00414856636550583,0
"354","2015-02-02 17:53:00",22.456,24.81,419,794.4,0.00416892495641864,0
"355","2015-02-02 17:54:00",22.39,24.7,419,790.6,0.00413358648459168,0
"356","2015-02-02 17:55:00",22.4175,24.7225,419,789.75,0.0041443475474366,0
"357","2015-02-02 17:55:59",22.39,24.7,419,782.2,0.00413358648459168,0
"358","2015-02-02 17:57:00",22.39,24.7225,419,772.25,0.00413737694389585,1
"359","2015-02-02 17:57:59",22.39,24.7170833333333,419,772.925,0.00413646442172095,1
"360","2015-02-02 17:58:59",22.39,24.7116666666667,419,773.6,0.00413555190220584,1
"361","2015-02-02 18:00:00",22.39,24.625,419,773.75,0.00412095195168535,1
"362","2015-02-02 18:01:00",22.39,24.754,416.2,771.8,0.00414268366402263,1
"363","2015-02-02 18:02:00",22.39,24.912,418.6,782.8,0.00416930285551727,1
"364","2015-02-02 18:03:00",22.39,25.245,415,796.5,0.00422541274126769,1
"365","2015-02-02 18:04:00",22.39,25.0925,310.25,809,0.00419971552453032,1
"366","2015-02-02 18:04:59",22.39,25,0,805.5,0.0041841297156888,0
"367","2015-02-02 18:06:00",22.35,24.978,0,791.4,0.00417019632275524,0
"368","2015-02-02 18:07:00",22.3233333333333,25,0,779.333333333333,0.00416708241580403,0
"369","2015-02-02 18:08:00",22.365,24.9725,0,780.75,0.00417310345378263,0
"370","2015-02-02 18:08:59",22.315,24.89,0,781.75,0.00414650784083818,0
"371","2015-02-02 18:10:00",22.29,24.9175,0,781,0.00414476697940617,0
"372","2015-02-02 18:10:59",22.29,24.912,0,778.4,0.00414384601663705,0
"373","2015-02-02 18:11:59",22.26,24.8566666666667,0,769.333333333333,0.00412698756337495,0
"374","2015-02-02 18:13:00",22.254,24.85,0,766.5,0.0041243566010876,0
"375","2015-02-02 18:14:00",22.23,24.7933333333333,0,763.25,0.00410884135392114,0
"376","2015-02-02 18:15:00",22.26,24.8233333333333,0,762.333333333333,0.00412141651164059,0
"377","2015-02-02 18:16:00",22.2,24.79,0,761.5,0.00410073726963565,0
"378","2015-02-02 18:16:59",22.2,24.79,0,761,0.00410073726963565,0
"379","2015-02-02 18:17:59",22.2,24.736,0,757,0.00409174588095119,0
"380","2015-02-02 18:19:00",22.2,24.79,0,752.333333333333,0.00410073726963565,0
"381","2015-02-02 18:20:00",22.1333333333333,24.7,0,748.666666666667,0.00406908365757901,0
"382","2015-02-02 18:21:00",22.1,24.7,0,746.25,0.00406077210033269,0
"383","2015-02-02 18:22:00",22.15,24.7225,0,745.25,0.00407697982248635,0
"384","2015-02-02 18:23:00",22.1,24.7,0,740.666666666667,0.00406077210033269,0
"385","2015-02-02 18:23:59",22.1,24.7,0,738,0.00406077210033269,0
"386","2015-02-02 18:24:59",22.1333333333333,24.7,0,732.666666666667,0.00406908365757901,0
"387","2015-02-02 18:26:00",22.1,24.7,0,727,0.00406077210033269,0
"388","2015-02-02 18:27:00",22.1,24.675,0,716,0.00405663520140821,0
"389","2015-02-02 18:28:00",22.0666666666667,24.6666666666667,0,723.25,0.00404697099901821,0
"390","2015-02-02 18:29:00",22.0666666666667,24.6666666666667,0,718.333333333333,0.00404697099901821,0
"391","2015-02-02 18:29:59",22,24.58,0,716.6,0.00401619278733235,0
"392","2015-02-02 18:30:59",21.978,24.6,0,714,0.0040140562223397,0
"393","2015-02-02 18:32:00",21.978,24.56,0,714.2,0.00400748724931948,0
"394","2015-02-02 18:33:00",21.945,24.6,0,715,0.00400593001937022,0
"395","2015-02-02 18:34:00",21.9266666666667,24.5,0,706.666666666667,0.00398505157493118,0
"396","2015-02-02 18:35:00",21.89,24.5,0,706,0.00397608547610517,0
"397","2015-02-02 18:36:00",21.89,24.525,0,698.75,0.00398016866833722,0
"398","2015-02-02 18:36:59",21.89,24.5,0,692.5,0.00397608547610517,0
"399","2015-02-02 18:38:00",21.89,24.5,0,694.75,0.00397608547610517,0
"400","2015-02-02 18:39:00",21.815,24.4175,0,697.25,0.00394438928261232,0
"401","2015-02-02 18:40:00",21.8233333333333,24.4633333333333,0,692,0.00395386507281094,0
"402","2015-02-02 18:40:59",21.79,24.39,0,691,0.00393386813796092,0
"403","2015-02-02 18:42:00",21.79,24.39,0,689.75,0.00393386813796092,0
"404","2015-02-02 18:42:59",21.79,24.39,0,689,0.00393386813796092,0
"405","2015-02-02 18:43:59",21.7675,24.39,0,687,0.00392842953743671,0
"406","2015-02-02 18:45:00",21.7675,24.365,0,679.75,0.00392437745140477,0
"407","2015-02-02 18:46:00",21.754,24.35,0,668.4,0.00391869166016661,0
"408","2015-02-02 18:47:00",21.7,24.29,0,665.666666666667,0.00389601301458523,0
"409","2015-02-02 18:48:00",21.7,24.29,0,664.75,0.00389601301458523,0
"410","2015-02-02 18:49:00",21.7,24.29,0,668,0.00389601301458523,0
"411","2015-02-02 18:49:59",21.7,24.29,0,661.25,0.00389601301458523,0
"412","2015-02-02 18:51:00",21.64,24.236,0,658.2,0.00387297199396133,0
"413","2015-02-02 18:52:00",21.6,24.2,0,656,0.0038576731827532,0
"414","2015-02-02 18:53:00",21.6,24.2,0,654.8,0.0038576731827532,0
"415","2015-02-02 18:53:59",21.6,24.2225,0,653.75,0.003861282127931,0
"416","2015-02-02 18:55:00",21.5,24.26,0,650.333333333333,0.00384355240302953,0
"417","2015-02-02 18:55:59",21.5,24.2,0,650.75,0.0038339879085467,0
"418","2015-02-02 18:56:59",21.55,24.2,0,648.25,0.00384581447627792,0
"419","2015-02-02 18:58:00",21.5,24.2,0,640.333333333333,0.0038339879085467,0
"420","2015-02-02 18:59:00",21.5,24.2,0,638,0.0038339879085467,0
"421","2015-02-02 19:00:00",21.5,24.2,0,636.25,0.0038339879085467,0
"422","2015-02-02 19:01:00",21.5,24.2,0,636.333333333333,0.0038339879085467,0
"423","2015-02-02 19:01:59",21.5,24.15,0,635.75,0.00382601771979012,0
"424","2015-02-02 19:02:59",21.5,24.175,0,635.5,0.00383000278879255,0
"425","2015-02-02 19:04:00",21.5,24.125,0,627.5,0.00382203270153845,0
"426","2015-02-02 19:05:00",21.5,24.15,0,626.25,0.00382601771979012,0
"427","2015-02-02 19:06:00",21.5,24.125,0,621.5,0.00382203270153845,0
"428","2015-02-02 19:07:00",21.5,24.1,0,621.75,0.00381804773403658,0
"429","2015-02-02 19:08:00",21.5,24.1,0,620.666666666667,0.00381804773403658,0
"430","2015-02-02 19:08:59",21.5,24.1,0,617,0.00381804773403658,0
"431","2015-02-02 19:09:59",21.5,24.1,0,612.75,0.00381804773403658,0
"432","2015-02-02 19:11:00",21.4725,24.075,0,614.5,0.00380760581536113,0
"433","2015-02-02 19:12:00",21.39,24,0,617.333333333333,0.00377641938611092,0
"434","2015-02-02 19:13:00",21.4266666666667,23.9266666666667,0,614.25,0.00377333000182496,0
"435","2015-02-02 19:14:00",21.39,23.9725,0,610.75,0.00377206599728212,0
"436","2015-02-02 19:14:59",21.39,23.9175,0,603,0.00376335940133541,0
"437","2015-02-02 19:15:59",21.39,23.945,0,603.5,0.00376771266902404,0
"438","2015-02-02 19:17:00",21.365,23.89,0,602,0.00375321614938758,0
"439","2015-02-02 19:18:00",21.3233333333333,24,0,605.666666666667,0.00376092485713894,0
"440","2015-02-02 19:19:00",21.34,23.9725,0,604.5,0.0037604533217008,0
"441","2015-02-02 19:20:00",21.315,23.9725,0,599,0.00375465880754887,0
"442","2015-02-02 19:21:00",21.3566666666667,24,0,600,0.00376866510404066,0
"443","2015-02-02 19:21:59",21.39,23.9725,0,596.5,0.00377206599728212,0
"444","2015-02-02 19:23:00",21.315,23.89,0,597.5,0.00374165963273266,0
"445","2015-02-02 19:24:00",21.29,23.945,0,594,0.00374454576336437,0
"446","2015-02-02 19:25:00",21.29,23.9725,0,590.5,0.00374887216352344,0
"447","2015-02-02 19:25:59",21.29,23.89,0,586.666666666667,0.00373589314251898,0
"448","2015-02-02 19:27:00",21.29,23.9266666666667,0,588,0.00374166152982765,0
"449","2015-02-02 19:27:59",21.29,23.89,0,585.5,0.00373589314251898,0
"450","2015-02-02 19:28:59",21.29,23.89,0,584.5,0.00373589314251898,0
"451","2015-02-02 19:30:00",21.254,23.85,0,587.2,0.00372132453722628,0
"452","2015-02-02 19:31:00",21.23,23.8233333333333,0,585,0.00371163679525134,0
"453","2015-02-02 19:32:00",21.218,23.81,0,579.4,0.00370680031023175,0
"454","2015-02-02 19:33:00",21.2,23.79,0,579.333333333333,0.00369955480346118,0
"455","2015-02-02 19:34:00",21.2,23.79,0,581.6,0.00369955480346118,0
"456","2015-02-02 19:34:59",21.2,23.79,0,581.666666666667,0.00369955480346118,0
"457","2015-02-02 19:36:00",21.2,23.79,0,577.5,0.00369955480346118,0
"458","2015-02-02 19:37:00",21.2,23.79,0,577.333333333333,0.00369955480346118,0
"459","2015-02-02 19:38:00",21.2,23.7675,0,574.25,0.00369603506365788,0
"460","2015-02-02 19:38:59",21.2,23.745,0,569,0.00369251536345345,0
"461","2015-02-02 19:40:00",21.2,23.76,0,565.333333333333,0.00369486182585656,0
"462","2015-02-02 19:40:59",21.2,23.7,0,561.4,0.00368547608183853,0
"463","2015-02-02 19:41:59",21.2,23.79,0,567.333333333333,0.00369955480346118,0
"464","2015-02-02 19:43:00",21.175,23.7,0,565.333333333333,0.00367979166359871,0
"465","2015-02-02 19:44:00",21.1666666666667,23.7,0,563.5,0.00367789857519486,0
"466","2015-02-02 19:45:00",21.125,23.675,0,559,0.00366455353347419,0
"467","2015-02-02 19:46:00",21.1,23.65,0,559.5,0.00365501193599322,0
"468","2015-02-02 19:46:59",21.125,23.65,0,550.5,0.00366066111472342,0
"469","2015-02-02 19:47:59",21.1,23.6,0,553,0.00364723932725151,0
"470","2015-02-02 19:49:00",21.1333333333333,23.6,0,552,0.00365475715962219,0
"471","2015-02-02 19:50:00",21.1,23.6,0,553.25,0.00364723932725151,0
"472","2015-02-02 19:51:00",21.1,23.6,0,545.75,0.00364723932725151,0
"473","2015-02-02 19:52:00",21.1,23.6,0,548,0.00364723932725151,0
"474","2015-02-02 19:53:00",21.1,23.6,0,547,0.00364723932725151,0
"475","2015-02-02 19:53:59",21.1,23.575,0,545.75,0.00364335309530045,0
"476","2015-02-02 19:54:59",21.1,23.5333333333333,0,544,0.00363687614933414,0
"477","2015-02-02 19:56:00",21.1,23.4725,0,545.5,0.00362742004904475,0
"478","2015-02-02 19:57:00",21.1,23.4725,0,547,0.00362742004904475,0
"479","2015-02-02 19:58:00",21.1,23.5,0,545.25,0.00363169468911561,0
"480","2015-02-02 19:59:00",21.1,23.5,0,541.25,0.00363169468911561,0
"481","2015-02-02 19:59:59",21.125,23.5,0,540.75,0.00363730761924146,0
"482","2015-02-02 20:00:59",21.1,23.5,0,533.333333333333,0.00363169468911561,0
"483","2015-02-02 20:02:00",21.1333333333333,23.5,0,528,0.00363918029389709,0
"484","2015-02-02 20:03:00",21.1,23.3925,0,537.75,0.00361498506460243,0
"485","2015-02-02 20:04:00",21.1,23.4725,0,539.5,0.00362742004904475,0
"486","2015-02-02 20:05:00",21.1,23.5,0,535.25,0.00363169468911561,0
"487","2015-02-02 20:06:00",21.1,23.5,0,537.25,0.00363169468911561,0
"488","2015-02-02 20:06:59",21.1,23.5,0,535.25,0.00363169468911561,0
"489","2015-02-02 20:08:00",21.1,23.5,0,533.4,0.00363169468911561,0
"490","2015-02-02 20:09:00",21.1,23.5,0,524.5,0.00363169468911561,0
"491","2015-02-02 20:10:00",21.1,23.434,0,524.8,0.00362143565107863,0
"492","2015-02-02 20:10:59",21.1,23.39,0,522.666666666667,0.00361459647930365,0
"493","2015-02-02 20:12:00",21.1,23.39,0,521,0.00361459647930365,0
"494","2015-02-02 20:12:59",21.125,23.39,0,519.75,0.00362018283054654,0
"495","2015-02-02 20:13:59",21.1,23.39,0,523,0.00361459647930365,0
"496","2015-02-02 20:15:00",21.1,23.39,0,523,0.00361459647930365,0
"497","2015-02-02 20:16:00",21.1,23.39,0,519,0.00361459647930365,0
"498","2015-02-02 20:17:00",21.1,23.365,0,519.5,0.00361071065286537,0
"499","2015-02-02 20:18:00",21.1,23.39,0,519.75,0.00361459647930365,0
"500","2015-02-02 20:19:00",21.1,23.365,0,520,0.00361071065286537,0
"501","2015-02-02 20:19:59",21.1,23.33,0,524.6,0.00360527057694702,0
"502","2015-02-02 20:21:00",21.075,23.315,0,520.25,0.00359737848607855,0
"503","2015-02-02 20:22:00",21.075,23.34,0,519,0.00360125818434467,0
"504","2015-02-02 20:23:00",21.1,23.29,0,523.2,0.00359905346317353,0
"505","2015-02-02 20:23:59",21.0333333333333,23.29,0,517.666666666667,0.00358425790846352,0
"506","2015-02-02 20:25:00",21.02,23.29,0,514.2,0.00358130523727,0
"507","2015-02-02 20:25:59",21.025,23.29,0,516.5,0.00358241223770972,0
"508","2015-02-02 20:26:59",21,23.29,0,521,0.00357688024903438,0
"509","2015-02-02 20:28:00",21,23.29,0,520,0.00357688024903438,0
"510","2015-02-02 20:29:00",21,23.254,0,517.8,0.00357131962083668,0
"511","2015-02-02 20:30:00",21,23.26,0,514.333333333333,0.00357224638533805,0
"512","2015-02-02 20:31:00",21,23.2675,0,516.75,0.00357340484482625,0
"513","2015-02-02 20:31:59",21,23.29,0,520.75,0.00357688024903438,0
"514","2015-02-02 20:32:59",21,23.29,0,519.333333333333,0.00357688024903438,0
"515","2015-02-02 20:34:00",21,23.29,0,519,0.00357688024903438,0
"516","2015-02-02 20:35:00",21,23.29,0,509.75,0.00357688024903438,0
"517","2015-02-02 20:36:00",21,23.29,0,508.5,0.00357688024903438,0
"518","2015-02-02 20:37:00",20.9725,23.29,0,504.5,0.00357080375658003,0
"519","2015-02-02 20:38:00",21,23.29,0,506.5,0.00357688024903438,0
"520","2015-02-02 20:38:59",20.9725,23.29,0,509,0.00357080375658003,0
"521","2015-02-02 20:39:59",20.9633333333333,23.29,0,507.25,0.00356878028139735,0
"522","2015-02-02 20:41:00",21,23.29,0,509.333333333333,0.00357688024903438,0
"523","2015-02-02 20:42:00",20.89,23.2,0,509.666666666667,0.00353882221893409,0
"524","2015-02-02 20:43:00",20.89,23.245,0,508.25,0.00354572544268721,0
"525","2015-02-02 20:44:00",20.89,23.2225,0,510.25,0.00354227381176538,0
"526","2015-02-02 20:44:59",20.89,23.254,0,504,0.00354710610572144,0
"527","2015-02-02 20:45:59",20.89,23.26,0,499.333333333333,0.00354802655113016,0
"528","2015-02-02 20:47:00",20.89,23.2225,0,495,0.00354227381176538,0
"529","2015-02-02 20:48:00",20.89,23.2,0,496.25,0.00353882221893409,0
"530","2015-02-02 20:49:00",20.89,23.2,0,494.75,0.00353882221893409,0
"531","2015-02-02 20:50:00",20.89,23.2,0,492.5,0.00353882221893409,0
"532","2015-02-02 20:51:00",20.89,23.2,0,494.25,0.00353882221893409,0
"533","2015-02-02 20:51:59",20.89,23.2,0,492.333333333333,0.00353882221893409,0
"534","2015-02-02 20:53:00",20.89,23.125,0,493.75,0.00352731718458679,0
"535","2015-02-02 20:54:00",20.89,23.125,0,484.75,0.00352731718458679,0
"536","2015-02-02 20:55:00",20.89,23.1,0,489.25,0.00352348226718284,0
"537","2015-02-02 20:55:59",20.89,23.1,0,494.5,0.00352348226718284,0
"538","2015-02-02 20:57:00",20.89,23.1,0,495.666666666667,0.00352348226718284,0
"539","2015-02-02 20:57:59",20.89,23.1,0,501.5,0.00352348226718284,0
"540","2015-02-02 20:58:59",20.89,23.1,0,499.666666666667,0.00352348226718284,0
"541","2015-02-02 21:00:00",20.89,23.1,0,492.5,0.00352348226718284,0
"542","2015-02-02 21:01:00",20.89,23.1,0,494.25,0.00352348226718284,0
"543","2015-02-02 21:02:00",20.89,23.1,0,494,0.00352348226718284,0
"544","2015-02-02 21:03:00",20.9725,23.1,0,489.25,0.00354150724957436,0
"545","2015-02-02 21:04:00",20.9175,23.1,0,490,0.00352948159229704,0
"546","2015-02-02 21:04:59",20.89,23.1,0,495.5,0.00352348226718284,0
"547","2015-02-02 21:06:00",20.89,23.05,0,498,0.00351581257343747,0
"548","2015-02-02 21:07:00",20.89,23.05,0,495,0.00351581257343747,0
"549","2015-02-02 21:08:00",20.912,23,0,490.2,0.00351292080009673,0
"550","2015-02-02 21:08:59",20.9266666666667,23,0,492.333333333333,0.00351610913906784,0
"551","2015-02-02 21:10:00",20.89,23,0,491.666666666667,0.00350814306776971,0
"552","2015-02-02 21:10:59",20.89,22.956,0,488,0.00350139405835438,0
"553","2015-02-02 21:11:59",20.934,22.934,0,488,0.00350755305943681,0
"554","2015-02-02 21:13:00",20.89,23,0,485,0.00350814306776971,0
"555","2015-02-02 21:14:00",20.89,23,0,490,0.00350814306776971,0
"556","2015-02-02 21:15:00",20.9175,22.9725,0,489.5,0.00350989075838834,0
"557","2015-02-02 21:16:00",20.89,22.945,0,485.25,0.00349970682875656,0
"558","2015-02-02 21:16:59",20.89,22.89,0,485.666666666667,0.00349127081729973,0
"559","2015-02-02 21:17:59",20.9175,22.945,0,485,0.00350566544528695,0
"560","2015-02-02 21:19:00",20.89,22.956,0,485.2,0.00350139405835438,0
"561","2015-02-02 21:20:00",20.945,22.89,0,484,0.00350316807807591,0
"562","2015-02-02 21:21:00",20.89,22.9175,0,483,0.00349548879458418,0
"563","2015-02-02 21:22:00",20.89,22.89,0,481,0.00349127081729973,0
"564","2015-02-02 21:23:00",20.89,22.89,0,476.5,0.00349127081729973,0
"565","2015-02-02 21:23:59",20.89,22.89,0,475,0.00349127081729973,0
"566","2015-02-02 21:24:59",20.89,22.89,0,476,0.00349127081729973,0
"567","2015-02-02 21:26:00",20.89,22.89,0,478.5,0.00349127081729973,0
"568","2015-02-02 21:27:00",20.89,22.89,0,481,0.00349127081729973,0
"569","2015-02-02 21:28:00",20.89,22.89,0,483,0.00349127081729973,0
"570","2015-02-02 21:29:00",20.8566666666667,22.8566666666667,0,480.25,0.00347897566308279,0
"571","2015-02-02 21:29:59",20.89,22.89,0,480.25,0.00349127081729973,0
"572","2015-02-02 21:30:59",20.89,22.865,0,470.75,0.00348743634186028,0
"573","2015-02-02 21:32:00",20.89,22.89,0,474.75,0.00349127081729973,0
"574","2015-02-02 21:33:00",20.89,22.865,0,482.25,0.00348743634186028,0
"575","2015-02-02 21:34:00",20.89,22.89,0,480.333333333333,0.00349127081729973,0
"576","2015-02-02 21:35:00",20.89,22.89,0,480,0.00349127081729973,0
"577","2015-02-02 21:36:00",20.89,22.84,0,481.5,0.00348360191343384,0
"578","2015-02-02 21:36:59",20.89,22.84,0,483.5,0.00348360191343384,0
"579","2015-02-02 21:38:00",20.89,22.79,0,475.6,0.0034759331976165,0
"580","2015-02-02 21:39:00",20.89,22.76,0,475.333333333333,0.00347133205838652,0
"581","2015-02-02 21:40:00",20.89,22.815,0,477.666666666667,0.00347976753201953,0
"582","2015-02-02 21:40:59",20.89,22.79,0,475.75,0.0034759331976165,0
"583","2015-02-02 21:42:00",20.89,22.79,0,479.166666666667,0.0034759331976165,0
"584","2015-02-02 21:42:59",20.865,22.7675,0,475,0.00346711546963321,0
"585","2015-02-02 21:43:59",20.865,22.7675,0,474,0.00346711546963321,0
"586","2015-02-02 21:45:00",20.89,22.79,0,477.333333333333,0.0034759331976165,0
"587","2015-02-02 21:46:00",20.89,22.79,0,473,0.0034759331976165,0
"588","2015-02-02 21:47:00",20.89,22.7675,0,470,0.00347248233684769,0
"589","2015-02-02 21:48:00",20.865,22.675,0,468.75,0.00345295104445914,0
"590","2015-02-02 21:49:00",20.87,22.718,0,471.4,0.00346060593833997,0
"591","2015-02-02 21:49:59",20.89,22.7,0,471,0.00346212998300557,0
"592","2015-02-02 21:51:00",20.89,22.7,0,468,0.00346212998300557,0
"593","2015-02-02 21:52:00",20.85,22.678,0,468.6,0.00345020659473582,0
"594","2015-02-02 21:53:00",20.81,22.62,0,467.4,0.00343282503619857,0
"595","2015-02-02 21:53:59",20.79,22.6,0,469,0.00342552949876246,0
"596","2015-02-02 21:55:00",20.79,22.65,0,471.25,0.00343314993421406,0
"597","2015-02-02 21:55:59",20.8233333333333,22.73,0,470.666666666667,0.00345245938689913,0
"598","2015-02-02 21:56:59",20.79,22.6,0,466.75,0.00342552949876246,0
"599","2015-02-02 21:58:00",20.79,22.64,0,466.8,0.0034316258322677,0
"600","2015-02-02 21:59:00",20.79,22.7,0,468.75,0.0034407705553688,0
"601","2015-02-02 22:00:00",20.79,22.65,0,467.5,0.00343314993421406,0
"602","2015-02-02 22:01:00",20.79,22.6333333333333,0,469.666666666667,0.00343060976843018,0
"603","2015-02-02 22:01:59",20.79,22.7,0,469.75,0.0034407705553688,0
"604","2015-02-02 22:02:59",20.79,22.6,0,469.75,0.00342552949876246,0
"605","2015-02-02 22:04:00",20.79,22.6,0,467.25,0.00342552949876246,0
"606","2015-02-02 22:05:00",20.772,22.6,0,461.4,0.00342171422452537,0
"607","2015-02-02 22:06:00",20.79,22.6,0,469.25,0.00342552949876246,0
"608","2015-02-02 22:07:00",20.79,22.625,0,468,0.00342933969327579,0
"609","2015-02-02 22:08:00",20.73,22.6,0,469,0.00341282647306003,0
"610","2015-02-02 22:08:59",20.79,22.6,0,467.25,0.00342552949876246,0
"611","2015-02-02 22:09:59",20.79,22.6,0,467.4,0.00342552949876246,0
"612","2015-02-02 22:11:00",20.79,22.6,0,467.666666666667,0.00342552949876246,0
"613","2015-02-02 22:12:00",20.745,22.6,0,471.5,0.00341599833244845,0
"614","2015-02-02 22:13:00",20.76,22.6,0,471.666666666667,0.00341917278864175,0
"615","2015-02-02 22:14:00",20.7225,22.6,0,464.75,0.00341124151659625,0
"616","2015-02-02 22:14:59",20.7225,22.6,0,461.75,0.00341124151659625,0
"617","2015-02-02 22:15:59",20.7225,22.6,0,458.5,0.00341124151659625,0
"618","2015-02-02 22:17:00",20.745,22.55,0,459.5,0.00340839940076414,0
"619","2015-02-02 22:18:00",20.7225,22.55,0,460.5,0.00340365322409664,0
"620","2015-02-02 22:19:00",20.76,22.5666666666667,0,465.333333333333,0.00341410208020416,0
"621","2015-02-02 22:20:00",20.7225,22.5,0,465,0.00339606511573662,0
"622","2015-02-02 22:21:00",20.7225,22.5,0,459,0.00339606511573662,0
"623","2015-02-02 22:21:59",20.7675,22.5,0,463,0.00340554200808737,0
"624","2015-02-02 22:23:00",20.745,22.5,0,460.75,0.00340080065373473,0
"625","2015-02-02 22:24:00",20.7,22.5,0,461.5,0.00339133538795165,0
"626","2015-02-02 22:25:00",20.7,22.5,0,466,0.00339133538795165,0
"627","2015-02-02 22:25:59",20.7675,22.5,0,460.25,0.00340554200808737,0
"628","2015-02-02 22:27:00",20.718,22.52,0,457.4,0.00339815307635992,0
"629","2015-02-02 22:27:59",20.7,22.5,0,464.6,0.00339133538795165,0
"630","2015-02-02 22:28:59",20.73,22.5,0,464.333333333333,0.00339764298252023,0
"631","2015-02-02 22:30:00",20.7,22.5,0,459.333333333333,0.00339133538795165,0
"632","2015-02-02 22:31:00",20.7,22.5,0,459.75,0.00339133538795165,0
"633","2015-02-02 22:32:00",20.7225,22.5,0,459.25,0.00339606511573662,0
"634","2015-02-02 22:33:00",20.7,22.5,0,463,0.00339133538795165,0
"635","2015-02-02 22:34:00",20.7225,22.445,0,461.5,0.00338771840921383,0
"636","2015-02-02 22:34:59",20.7,22.5,0,454.5,0.00339133538795165,0
"637","2015-02-02 22:36:00",20.7,22.5,0,458.333333333333,0.00339133538795165,0
"638","2015-02-02 22:37:00",20.718,22.5,0,463,0.00339511870555902,0
"639","2015-02-02 22:38:00",20.7,22.5,0,463.75,0.00339133538795165,0
"640","2015-02-02 22:38:59",20.7,22.456,0,460.6,0.00338466735488604,0
"641","2015-02-02 22:40:00",20.7,22.5,0,455.25,0.00339133538795165,0
"642","2015-02-02 22:40:59",20.7,22.5,0,455.666666666667,0.00339133538795165,0
"643","2015-02-02 22:41:59",20.7,22.5,0,456.25,0.00339133538795165,0
"644","2015-02-02 22:43:00",20.7,22.4266666666667,0,459.666666666667,0.00338022207850367,0
"645","2015-02-02 22:44:00",20.7,22.5,0,462,0.00339133538795165,0
"646","2015-02-02 22:45:00",20.7225,22.4725,0,460.25,0.00339189173462569,0
"647","2015-02-02 22:46:00",20.718,22.434,0,462,0.00338510549082456,0
"648","2015-02-02 22:46:59",20.73,22.39,0,461,0.00338094199441115,0
"649","2015-02-02 22:47:59",20.7,22.39,0,461.666666666667,0.00337466557189241,0
"650","2015-02-02 22:49:00",20.745,22.39,0,460.25,0.00338408406022206,0
"651","2015-02-02 22:50:00",20.7225,22.365,0,456.25,0.00337557814288937,0
"652","2015-02-02 22:51:00",20.745,22.39,0,457.5,0.00338408406022206,0
"653","2015-02-02 22:52:00",20.772,22.37,0,455.8,0.00338670186417428,0
"654","2015-02-02 22:53:00",20.76,22.39,0,455,0.00338722869814769,0
"655","2015-02-02 22:53:59",20.7675,22.365,0,451.25,0.00338499755586482,0
"656","2015-02-02 22:54:59",20.745,22.39,0,453.75,0.00338408406022206,0
"657","2015-02-02 22:56:00",20.736,22.39,0,456.2,0.00338219851219764,0
"658","2015-02-02 22:57:00",20.73,22.3566666666667,0,453.666666666667,0.0033758812650259,0
"659","2015-02-02 22:58:00",20.7,22.34,0,452.75,0.0033670886765457,0
"660","2015-02-02 22:59:00",20.76,22.3566666666667,0,454,0.00338215850768072,0
"661","2015-02-02 22:59:59",20.745,22.39,0,452.5,0.00338408406022206,0
"662","2015-02-02 23:00:59",20.73,22.39,0,456,0.00338094199441115,0
"663","2015-02-02 23:02:00",20.745,22.34,0,451.5,0.00337648590404306,0
"664","2015-02-02 23:03:00",20.7,22.37,0,449.8,0.00337163479172159,0
"665","2015-02-02 23:04:00",20.7,22.365,0,449.25,0.00337087710126894,0
"666","2015-02-02 23:05:00",20.7,22.365,0,452.25,0.00337087710126894,0
"667","2015-02-02 23:06:00",20.7225,22.34,0,451.25,0.00337178440632454,0
"668","2015-02-02 23:06:59",20.7,22.34,0,453,0.0033670886765457,0
"669","2015-02-02 23:08:00",20.7,22.39,0,453.25,0.00337466557189241,0
"670","2015-02-02 23:09:00",20.7,22.315,0,456.666666666667,0.00336330029772187,0
"671","2015-02-02 23:10:00",20.7,22.29,0,455.75,0.0033595119647966,0
"672","2015-02-02 23:10:59",20.7,22.365,0,458,0.00337087710126894,0
"673","2015-02-02 23:12:00",20.7,22.34,0,458.75,0.0033670886765457,0
"674","2015-02-02 23:12:59",20.7,22.29,0,455.5,0.0033595119647966,0
"675","2015-02-02 23:13:59",20.7,22.29,0,455,0.0033595119647966,0
"676","2015-02-02 23:15:00",20.7,22.29,0,453.333333333333,0.0033595119647966,0
"677","2015-02-02 23:16:00",20.7,22.33,0,454.6,0.00336557331950829,0
"678","2015-02-02 23:17:00",20.7,22.29,0,457.5,0.0033595119647966,0
"679","2015-02-02 23:18:00",20.7,22.29,0,449.666666666667,0.0033595119647966,0
"680","2015-02-02 23:19:00",20.7,22.29,0,452,0.0033595119647966,0
"681","2015-02-02 23:19:59",20.7,22.29,0,453.5,0.0033595119647966,0
"682","2015-02-02 23:21:00",20.7,22.29,0,452,0.0033595119647966,0
"683","2015-02-02 23:22:00",20.7,22.29,0,450.6,0.0033595119647966,0
"684","2015-02-02 23:23:00",20.7,22.29,0,450.666666666667,0.0033595119647966,0
"685","2015-02-02 23:23:59",20.7,22.29,0,451,0.0033595119647966,0
"686","2015-02-02 23:25:00",20.7,22.29,0,454.5,0.0033595119647966,0
"687","2015-02-02 23:25:59",20.7,22.29,0,457.25,0.0033595119647966,0
"688","2015-02-02 23:26:59",20.7,22.315,0,456,0.00336330029772187,0
"689","2015-02-02 23:28:00",20.675,22.29,0,456.5,0.00335431303291648,0
"690","2015-02-02 23:29:00",20.675,22.29,0,453.5,0.00335431303291648,0
"691","2015-02-02 23:30:00",20.7,22.29,0,454.25,0.0033595119647966,0
"692","2015-02-02 23:31:00",20.675,22.22,0,454,0.00334372244741046,0
"693","2015-02-02 23:31:59",20.675,22.2675,0,451,0.00335090887702669,0
"694","2015-02-02 23:32:59",20.6666666666667,22.26,0,450.25,0.00334804512041243,0
"695","2015-02-02 23:34:00",20.625,22.2225,0,449.75,0.00333375583115171,0
"696","2015-02-02 23:35:00",20.675,22.2675,0,452,0.00335090887702669,0
"697","2015-02-02 23:36:00",20.65,22.245,0,452.5,0.00334232350934395,0
"698","2015-02-02 23:37:00",20.64,22.236,0,454,0.00333889431704007,0
"699","2015-02-02 23:38:00",20.6333333333333,22.26,0,453,0.00334113679495563,0
"700","2015-02-02 23:38:59",20.7,22.29,0,454,0.0033595119647966,0
"701","2015-02-02 23:39:59",20.675,22.2675,0,450,0.00335090887702669,0
"702","2015-02-02 23:41:00",20.625,22.245,0,451.75,0.00333714932632965,0
"703","2015-02-02 23:42:00",20.675,22.2675,0,450.25,0.00335090887702669,0
"704","2015-02-02 23:43:00",20.625,22.2225,0,445,0.00333375583115171,0
"705","2015-02-02 23:44:00",20.65,22.2675,0,446.25,0.00334572233110724,0
"706","2015-02-02 23:44:59",20.6666666666667,22.26,0,450.666666666667,0.00334804512041243,0
"707","2015-02-02 23:45:59",20.64,22.236,0,453.6,0.00333889431704007,0
"708","2015-02-02 23:47:00",20.6333333333333,22.23,0,450.333333333333,0.00333660976027032,0
"709","2015-02-02 23:48:00",20.65,22.245,0,445.5,0.00334232350934395,0
"710","2015-02-02 23:49:00",20.65,22.245,0,443,0.00334232350934395,0
"711","2015-02-02 23:50:00",20.65,22.245,0,449.25,0.00334232350934395,0
"712","2015-02-02 23:51:00",20.6333333333333,22.23,0,454.666666666667,0.00333660976027032,0
"713","2015-02-02 23:51:59",20.65,22.245,0,449,0.00334232350934395,0
"714","2015-02-02 23:53:00",20.625,22.2225,0,448.5,0.00333375583115171,0
"715","2015-02-02 23:54:00",20.6,22.2,0,449.6,0.00332520581189891,0
"716","2015-02-02 23:55:00",20.6,22.2,0,454,0.00332520581189891,0
"717","2015-02-02 23:55:59",20.6,22.2225,0,451.25,0.00332859398802281,0
"718","2015-02-02 23:57:00",20.6,22.2,0,449.333333333333,0.00332520581189891,0
"719","2015-02-02 23:57:59",20.6,22.2,0,446,0.00332520581189891,0
"720","2015-02-02 23:58:59",20.6,22.2225,0,445.75,0.00332859398802281,0
"721","2015-02-03 00:00:00",20.6,22.2,0,451.5,0.00332520581189891,0
"722","2015-02-03 00:01:00",20.6,22.2,0,455.25,0.00332520581189891,0
"723","2015-02-03 00:02:00",20.6,22.2,0,455.25,0.00332520581189891,0
"724","2015-02-03 00:03:00",20.6333333333333,22.23,0,451.666666666667,0.00333660976027032,0
"725","2015-02-03 00:04:00",20.6,22.2,0,451,0.00332520581189891,0
"726","2015-02-03 00:04:59",20.6,22.2,0,448.75,0.00332520581189891,0
"727","2015-02-03 00:06:00",20.6,22.2,0,445.75,0.00332520581189891,0
"728","2015-02-03 00:07:00",20.6,22.2,0,444.75,0.00332520581189891,0
"729","2015-02-03 00:08:00",20.6,22.2,0,446.333333333333,0.00332520581189891,0
"730","2015-02-03 00:08:59",20.6,22.2,0,450,0.00332520581189891,0
"731","2015-02-03 00:10:00",20.575,22.2225,0,446.5,0.00332343918686436,0
"732","2015-02-03 00:10:59",20.6,22.2225,0,446.5,0.00332859398802281,0
"733","2015-02-03 00:11:59",20.575,22.2675,0,447.75,0.00333020509905801,0
"734","2015-02-03 00:13:00",20.58,22.254,0,449.6,0.00332920718350033,0
"735","2015-02-03 00:14:00",20.6,22.23,0,451.666666666667,0.00332972338822324,0
"736","2015-02-03 00:15:00",20.6,22.26,0,450,0.00333424102982127,0
"737","2015-02-03 00:16:00",20.6,22.2,0,449.25,0.00332520581189891,0
"738","2015-02-03 00:16:59",20.575,22.2,0,449.75,0.00332005628567131,0
"739","2015-02-03 00:17:59",20.55,22.2675,0,453.75,0.0033250467959681,0
"740","2015-02-03 00:19:00",20.6,22.2,0,453,0.00332520581189891,0
"741","2015-02-03 00:20:00",20.6,22.2,0,450.5,0.00332520581189891,0
"742","2015-02-03 00:21:00",20.5666666666667,22.23,0,447,0.00332284953955743,0
"743","2015-02-03 00:22:00",20.575,22.2675,0,443.75,0.00333020509905801,0
"744","2015-02-03 00:23:00",20.6,22.2,0,444.25,0.00332520581189891,0
"745","2015-02-03 00:23:59",20.6,22.2675,0,451.5,0.00333537045041996,0
"746","2015-02-03 00:24:59",20.6,22.218,0,448.4,0.00332791634986075,0
"747","2015-02-03 00:26:00",20.6,22.2,0,449,0.00332520581189891,0
"748","2015-02-03 00:27:00",20.6,22.26,0,449.333333333333,0.00333424102982127,0
"749","2015-02-03 00:28:00",20.6,22.2,0,446.25,0.00332520581189891,0
"750","2015-02-03 00:29:00",20.6,22.2,0,446.6,0.00332520581189891,0
"751","2015-02-03 00:29:59",20.6,22.2,0,447.666666666667,0.00332520581189891,0
"752","2015-02-03 00:30:59",20.6,22.2,0,447,0.00332520581189891,0
"753","2015-02-03 00:32:00",20.6,22.2,0,446.75,0.00332520581189891,0
"754","2015-02-03 00:33:00",20.6,22.2,0,449.333333333333,0.00332520581189891,0
"755","2015-02-03 00:34:00",20.58,22.2,0,451.2,0.00332108562853912,0
"756","2015-02-03 00:35:00",20.6,22.2,0,454,0.00332520581189891,0
"757","2015-02-03 00:36:00",20.6,22.2,0,451,0.00332520581189891,0
"758","2015-02-03 00:36:59",20.6,22.2,0,450.25,0.00332520581189891,0
"759","2015-02-03 00:38:00",20.6,22.2225,0,450,0.00332859398802281,0
"760","2015-02-03 00:39:00",20.6,22.2225,0,449,0.00332859398802281,0
"761","2015-02-03 00:40:00",20.6,22.2,0,446,0.00332520581189891,0
"762","2015-02-03 00:40:59",20.58,22.218,0,443.2,0.00332379279008611,0
"763","2015-02-03 00:42:00",20.5666666666667,22.26,0,443.333333333333,0.0033273578053557,0
"764","2015-02-03 00:42:59",20.6,22.2,0,448,0.00332520581189891,0
"765","2015-02-03 00:43:59",20.6,22.2675,0,454,0.00333537045041996,0
"766","2015-02-03 00:45:00",20.6,22.29,0,451.5,0.00333875873669441,0
"767","2015-02-03 00:46:00",20.6,22.29,0,451.333333333333,0.00333875873669441,0
"768","2015-02-03 00:47:00",20.55,22.29,0,447,0.00332842453898209,0
"769","2015-02-03 00:48:00",20.55,22.29,0,448.5,0.00332842453898209,0
"770","2015-02-03 00:49:00",20.525,22.2225,0,450.5,0.0033131506773984,0
"771","2015-02-03 00:49:59",20.575,22.29,0,446.5,0.00333358811005981,0
"772","2015-02-03 00:51:00",20.6,22.29,0,447.333333333333,0.00333875873669441,0
"773","2015-02-03 00:52:00",20.575,22.29,0,453.5,0.00333358811005981,0
"774","2015-02-03 00:53:00",20.5666666666667,22.29,0,451.333333333333,0.00333186613615914,0
"775","2015-02-03 00:53:59",20.58,22.254,0,449.4,0.00332920718350033,0
"776","2015-02-03 00:55:00",20.5333333333333,22.26,0,453.666666666667,0.00332048710193108,0
"777","2015-02-03 00:55:59",20.575,22.2,0,448.25,0.00332005628567131,0
"778","2015-02-03 00:56:59",20.575,22.29,0,452,0.00333358811005981,0
"779","2015-02-03 00:58:00",20.525,22.2675,0,452.666666666667,0.00331989553287361,0
"780","2015-02-03 00:59:00",20.6,22.2,0,454.666666666667,0.00332520581189891,0
"781","2015-02-03 01:00:00",20.6,22.254,0,453.2,0.0033333374962797,0
"782","2015-02-03 01:01:00",20.56,22.29,0,447.6,0.0033304891212768,0
"783","2015-02-03 01:01:59",20.6,22.29,0,447.666666666667,0.00333875873669441,0
"784","2015-02-03 01:02:59",20.55,22.29,0,448,0.00332842453898209,0
"785","2015-02-03 01:04:00",20.55,22.29,0,451,0.00332842453898209,0
"786","2015-02-03 01:05:00",20.6,22.29,0,451,0.00333875873669441,0
"787","2015-02-03 01:06:00",20.525,22.2675,0,451,0.00331989553287361,0
"788","2015-02-03 01:07:00",20.525,22.29,0,449.75,0.00332326801517587,0
"789","2015-02-03 01:08:00",20.52,22.29,0,453,0.00332223755535867,0
"790","2015-02-03 01:08:59",20.5,22.2675,0,453.5,0.00331475130150607,0
"791","2015-02-03 01:09:59",20.5,22.29,0,452.333333333333,0.00331811853036384,0
"792","2015-02-03 01:11:00",20.525,22.29,0,452,0.00332326801517587,0
"793","2015-02-03 01:12:00",20.6,22.26,0,450.666666666667,0.00333424102982127,0
"794","2015-02-03 01:13:00",20.5,22.2,0,449.5,0.00330464983251252,0
"795","2015-02-03 01:14:00",20.6,22.2225,0,449.75,0.00332859398802281,0
"796","2015-02-03 01:14:59",20.56,22.2,0,449,0.00331696994314427,0
"797","2015-02-03 01:15:59",20.6,22.2,0,451.333333333333,0.00332520581189891,0
"798","2015-02-03 01:17:00",20.5666666666667,22.2,0,449,0.00331834133876291,0
"799","2015-02-03 01:18:00",20.5666666666667,22.2,0,448,0.00331834133876291,0
"800","2015-02-03 01:19:00",20.575,22.2,0,443.25,0.00332005628567131,0
"801","2015-02-03 01:20:00",20.55,22.245,0,446.5,0.003321669089444,0
"802","2015-02-03 01:21:00",20.6,22.245,0,448.75,0.00333198220086296,0
"803","2015-02-03 01:21:59",20.6,22.2225,0,451,0.00332859398802281,0
"804","2015-02-03 01:23:00",20.6,22.2,0,451.5,0.00332520581189891,0
"805","2015-02-03 01:24:00",20.5666666666667,22.2,0,455,0.00331834133876291,0
"806","2015-02-03 01:25:00",20.6,22.2,0,451.6,0.00332520581189891,0
"807","2015-02-03 01:25:59",20.6,22.2,0,452.666666666667,0.00332520581189891,0
"808","2015-02-03 01:27:00",20.6,22.14,0,448.2,0.00331617085506567,0
"809","2015-02-03 01:27:59",20.6,22.125,0,445.75,0.00331391215665121,0
"810","2015-02-03 01:28:59",20.6,22.1,0,446.666666666667,0.0033101476955541,0
"811","2015-02-03 01:30:00",20.6,22.1,0,446.333333333333,0.0033101476955541,0
"812","2015-02-03 01:31:00",20.6,22.125,0,444.75,0.00331391215665121,0
"813","2015-02-03 01:32:00",20.6,22.1,0,444.5,0.0033101476955541,0
"814","2015-02-03 01:33:00",20.58,22.14,0,446,0.0033120619260006,0
"815","2015-02-03 01:34:00",20.5666666666667,22.1333333333333,0,443.333333333333,0.00330832334749752,0
"816","2015-02-03 01:34:59",20.6,22.1,0,447,0.0033101476955541,0
"817","2015-02-03 01:36:00",20.5666666666667,22.1,0,446,0.00330331447223472,0
"818","2015-02-03 01:37:00",20.6,22.15,0,445.25,0.00331767666307384,0
"819","2015-02-03 01:38:00",20.575,22.125,0,442,0.0033087802127036,0
"820","2015-02-03 01:38:59",20.575,22.1,0,443,0.00330502161208519,0
"821","2015-02-03 01:40:00",20.6,22.1,0,443,0.0033101476955541,0
"822","2015-02-03 01:40:59",20.6,22.1,0,446.333333333333,0.0033101476955541,0
"823","2015-02-03 01:41:59",20.6,22.1333333333333,0,449,0.00331516698708921,0
"824","2015-02-03 01:43:00",20.6,22.125,0,445.25,0.00331391215665121,0
"825","2015-02-03 01:44:00",20.6,22.1,0,441.25,0.0033101476955541,0
"826","2015-02-03 01:45:00",20.575,22.175,0,441.75,0.00331629754949584,0
"827","2015-02-03 01:46:00",20.575,22.175,0,441.5,0.00331629754949584,0
"828","2015-02-03 01:46:59",20.6,22.1333333333333,0,445,0.00331516698708921,0
"829","2015-02-03 01:47:59",20.575,22.125,0,446,0.0033087802127036,0
"830","2015-02-03 01:49:00",20.55,22.2,0,442.5,0.00331491378586315,0
"831","2015-02-03 01:50:00",20.5666666666667,22.2,0,445,0.00331834133876291,0
"832","2015-02-03 01:51:00",20.525,22.2,0,443.5,0.00330977830422425,0
"833","2015-02-03 01:52:00",20.56,22.2,0,443,0.00331696994314427,0
"834","2015-02-03 01:53:00",20.6,22.2,0,444.333333333333,0.00332520581189891,0
"835","2015-02-03 01:53:59",20.5333333333333,22.2,0,443.666666666667,0.00331148935214956,0
"836","2015-02-03 01:54:59",20.58,22.2,0,443.4,0.00332108562853912,0
"837","2015-02-03 01:56:00",20.6,22.2,0,447,0.00332520581189891,0
"838","2015-02-03 01:57:00",20.6,22.2,0,446.25,0.00332520581189891,0
"839","2015-02-03 01:58:00",20.56,22.2,0,445.6,0.00331696994314427,0
"840","2015-02-03 01:59:00",20.55,22.2,0,448.5,0.00331491378586315,0
"841","2015-02-03 01:59:59",20.6,22.2,0,443.666666666667,0.00332520581189891,0
"842","2015-02-03 02:00:59",20.58,22.2,0,444.4,0.00332108562853912,0
"843","2015-02-03 02:02:00",20.6,22.2,0,444.333333333333,0.00332520581189891,0
"844","2015-02-03 02:03:00",20.575,22.2,0,443.5,0.00332005628567131,0
"845","2015-02-03 02:04:00",20.5666666666667,22.23,0,451,0.00332284953955743,0
"846","2015-02-03 02:05:00",20.575,22.2675,0,444.5,0.00333020509905801,0
"847","2015-02-03 02:06:00",20.6,22.2225,0,443,0.00332859398802281,0
"848","2015-02-03 02:06:59",20.5333333333333,22.2,0,445.666666666667,0.00331148935214956,0
"849","2015-02-03 02:08:00",20.56,22.2,0,447.8,0.00331696994314427,0
"850","2015-02-03 02:09:00",20.6,22.2,0,445,0.00332520581189891,0
"851","2015-02-03 02:10:00",20.575,22.2,0,442.5,0.00332005628567131,0
"852","2015-02-03 02:10:59",20.525,22.245,0,446.75,0.00331652308694799,0
"853","2015-02-03 02:12:00",20.525,22.2675,0,442.75,0.00331989553287361,0
"854","2015-02-03 02:12:59",20.5,22.29,0,441.333333333333,0.00331811853036384,0
"855","2015-02-03 02:13:59",20.525,22.29,0,443.75,0.00332326801517587,0
"856","2015-02-03 02:15:00",20.5,22.29,0,441.25,0.00331811853036384,0
"857","2015-02-03 02:16:00",20.5,22.29,0,440.25,0.00331811853036384,0
"858","2015-02-03 02:17:00",20.5,22.29,0,441.5,0.00331811853036384,0
"859","2015-02-03 02:18:00",20.5,22.29,0,439.333333333333,0.00331811853036384,0
"860","2015-02-03 02:19:00",20.5,22.29,0,439,0.00331811853036384,0
"861","2015-02-03 02:19:59",20.5,22.29,0,445.333333333333,0.00331811853036384,0
"862","2015-02-03 02:21:00",20.5,22.29,0,443.5,0.00331811853036384,0
"863","2015-02-03 02:22:00",20.5,22.29,0,439.8,0.00331811853036384,0
"864","2015-02-03 02:23:00",20.5,22.29,0,438.25,0.00331811853036384,0
"865","2015-02-03 02:23:59",20.5,22.29,0,443,0.00331811853036384,0
"866","2015-02-03 02:25:00",20.5,22.29,0,440.75,0.00331811853036384,0
"867","2015-02-03 02:25:59",20.5,22.29,0,438.2,0.00331811853036384,0
"868","2015-02-03 02:26:59",20.5,22.29,0,441.333333333333,0.00331811853036384,0
"869","2015-02-03 02:28:00",20.5,22.29,0,438.25,0.00331811853036384,0
"870","2015-02-03 02:29:00",20.5,22.29,0,436.5,0.00331811853036384,0
"871","2015-02-03 02:30:00",20.5,22.29,0,439.333333333333,0.00331811853036384,0
"872","2015-02-03 02:31:00",20.5,22.29,0,439.75,0.00331811853036384,0
"873","2015-02-03 02:31:59",20.5,22.29,0,439.75,0.00331811853036384,0
"874","2015-02-03 02:32:59",20.5,22.29,0,441.166666666667,0.00331811853036384,0
"875","2015-02-03 02:34:00",20.5,22.29,0,441.666666666667,0.00331811853036384,0
"876","2015-02-03 02:35:00",20.5,22.29,0,438.5,0.00331811853036384,0
"877","2015-02-03 02:36:00",20.5,22.29,0,439.75,0.00331811853036384,0
"878","2015-02-03 02:37:00",20.5,22.29,0,438.2,0.00331811853036384,0
"879","2015-02-03 02:38:00",20.5,22.29,0,438.666666666667,0.00331811853036384,0
"880","2015-02-03 02:38:59",20.5,22.315,0,442,0.00332185993829356,0
"881","2015-02-03 02:39:59",20.5,22.39,0,447.75,0.00333308443071495,0
"882","2015-02-03 02:41:00",20.5,22.3566666666667,0,442.333333333333,0.00332809571766905,0
"883","2015-02-03 02:42:00",20.5,22.365,0,442.25,0.00332934288846831,0
"884","2015-02-03 02:43:00",20.5,22.39,0,445.75,0.00333308443071495,0
"885","2015-02-03 02:44:00",20.5,22.365,0,441.5,0.00332934288846831,0
"886","2015-02-03 02:44:59",20.5,22.39,0,437.25,0.00333308443071495,0
"887","2015-02-03 02:45:59",20.5,22.39,0,439,0.00333308443071495,0
"888","2015-02-03 02:47:00",20.5,22.29,0,436.5,0.00331811853036384,0
"889","2015-02-03 02:48:00",20.5,22.3233333333333,0,432.5,0.00332310708421931,0
"890","2015-02-03 02:49:00",20.5,22.315,0,427.5,0.00332185993829356,0
"891","2015-02-03 02:50:00",20.5,22.315,0,437.5,0.00332185993829356,0
"892","2015-02-03 02:51:00",20.5,22.3566666666667,0,436.666666666667,0.00332809571766905,0
"893","2015-02-03 02:51:59",20.5,22.39,0,435,0.00333308443071495,0
"894","2015-02-03 02:53:00",20.5,22.39,0,437,0.00333308443071495,0
"895","2015-02-03 02:54:00",20.5,22.39,0,438.666666666667,0.00333308443071495,0
"896","2015-02-03 02:55:00",20.5,22.39,0,440.5,0.00333308443071495,0
"897","2015-02-03 02:55:59",20.5,22.34,0,442.75,0.00332560139099478,0
"898","2015-02-03 02:57:00",20.5,22.37,0,438,0.00333009119333576,0
"899","2015-02-03 02:57:59",20.5,22.39,0,436.25,0.00333308443071495,0
"900","2015-02-03 02:58:59",20.4633333333333,22.3566666666667,0,441.333333333333,0.00332053306356377,0
"901","2015-02-03 03:00:00",20.5,22.39,0,441,0.00333308443071495,0
"902","2015-02-03 03:01:00",20.5,22.315,0,437,0.00332185993829356,0
"903","2015-02-03 03:02:00",20.5,22.37,0,435.2,0.00333009119333576,0
"904","2015-02-03 03:03:00",20.5,22.3566666666667,0,433.333333333333,0.00332809571766905,0
"905","2015-02-03 03:04:00",20.5,22.39,0,435,0.00333308443071495,0
"906","2015-02-03 03:04:59",20.5,22.34,0,433.8,0.00332560139099478,0
"907","2015-02-03 03:06:00",20.5,22.39,0,435.333333333333,0.00333308443071495,0
"908","2015-02-03 03:07:00",20.5,22.39,0,437.25,0.00333308443071495,0
"909","2015-02-03 03:08:00",20.5,22.39,0,434.4,0.00333308443071495,0
"910","2015-02-03 03:08:59",20.5,22.39,0,431.75,0.00333308443071495,0
"911","2015-02-03 03:10:00",20.5,22.39,0,437.333333333333,0.00333308443071495,0
"912","2015-02-03 03:10:59",20.5,22.39,0,439.666666666667,0.00333308443071495,0
"913","2015-02-03 03:11:59",20.478,22.37,0,435.6,0.00332554904589295,0
"914","2015-02-03 03:13:00",20.456,22.35,0,433,0.00331802735234761,0
"915","2015-02-03 03:14:00",20.478,22.392,0,432.6,0.00332883709371958,0
"916","2015-02-03 03:15:00",20.5,22.39,0,435.75,0.00333308443071495,0
"917","2015-02-03 03:16:00",20.4266666666667,22.3233333333333,0,436,0.00330801968913549,0
"918","2015-02-03 03:16:59",20.5,22.39,0,434.5,0.00333308443071495,0
"919","2015-02-03 03:17:59",20.478,22.392,0,435.4,0.00332883709371958,0
"920","2015-02-03 03:19:00",20.4266666666667,22.3233333333333,0,437.333333333333,0.00330801968913549,0
"921","2015-02-03 03:20:00",20.4175,22.3925,0,430.75,0.00331643637851585,0
"922","2015-02-03 03:21:00",20.456,22.414,0,439.2,0.00332757946876666,0
"923","2015-02-03 03:22:00",20.4725,22.39,0,441.5,0.00332740246984485,0
"924","2015-02-03 03:23:00",20.4633333333333,22.3933333333333,0,445.666666666667,0.00332600811615316,0
"925","2015-02-03 03:23:59",20.5,22.39,0,443.25,0.00333308443071495,0
"926","2015-02-03 03:24:59",20.4175,22.3425,0,438.25,0.00330899174401155,0
"927","2015-02-03 03:26:00",20.4633333333333,22.4633333333333,0,437,0.00333646075551332,0
"928","2015-02-03 03:27:00",20.478,22.478,0,429.8,0.00334169070337164,0
"929","2015-02-03 03:28:00",20.5,22.456,0,431.2,0.00334296231737792,0
"930","2015-02-03 03:29:00",20.5,22.412,0,435.8,0.00333637702492895,0
"931","2015-02-03 03:29:59",20.4725,22.3925,0,435.75,0.00332777598530706,0
"932","2015-02-03 03:30:59",20.445,22.34,0,434.25,0.00331427163328817,0
"933","2015-02-03 03:32:00",20.5,22.434,0,434.6,0.00333966965381643,0
"934","2015-02-03 03:33:00",20.5,22.39,0,434,0.00333308443071495,0
"935","2015-02-03 03:34:00",20.5,22.39,0,433.5,0.00333308443071495,0
"936","2015-02-03 03:35:00",20.5,22.39,0,434.666666666667,0.00333308443071495,0
"937","2015-02-03 03:36:00",20.5,22.39,0,437.5,0.00333308443071495,0
"938","2015-02-03 03:36:59",20.5,22.39,0,438.5,0.00333308443071495,0
"939","2015-02-03 03:38:00",20.5,22.4266666666667,0,436.666666666667,0.0033385721070013,0
"940","2015-02-03 03:39:00",20.5,22.445,0,431.166666666667,0.00334131598126289,0
"941","2015-02-03 03:40:00",20.5,22.39,0,436,0.00333308443071495,0
"942","2015-02-03 03:40:59",20.4725,22.3925,0,438.25,0.00332777598530706,0
"943","2015-02-03 03:42:00",20.5,22.4633333333333,0,439,0.00334405987960385,0
"944","2015-02-03 03:42:59",20.5,22.456,0,436.6,0.00334296231737792,0
"945","2015-02-03 03:43:59",20.5,22.39,0,432.666666666667,0.00333308443071495,0
"946","2015-02-03 03:45:00",20.5,22.39,0,433.25,0.00333308443071495,0
"947","2015-02-03 03:46:00",20.4725,22.39,0,433.5,0.00332740246984485,0
"948","2015-02-03 03:47:00",20.4725,22.4175,0,435.75,0.00333151116447087,0
"949","2015-02-03 03:48:00",20.5,22.5,0,436,0.00334954774852514,0
"950","2015-02-03 03:49:00",20.5,22.478,0,430.8,0.00334625501561398,0
"951","2015-02-03 03:49:59",20.434,22.412,0,435.4,0.00332274112706532,0
"952","2015-02-03 03:51:00",20.4175,22.34,0,433.5,0.00330861951693947,0
"953","2015-02-03 03:52:00",20.39,22.39,0,429.75,0.00331040775412912,0
"954","2015-02-03 03:53:00",20.39,22.39,0,430,0.00331040775412912,0
"955","2015-02-03 03:53:59",20.39,22.39,0,433,0.00331040775412912,0
"956","2015-02-03 03:55:00",20.39,22.39,0,436.25,0.00331040775412912,0
"957","2015-02-03 03:55:59",20.39,22.39,0,433.5,0.00331040775412912,0
"958","2015-02-03 03:56:59",20.39,22.5,0,434.25,0.00332675846769344,0
"959","2015-02-03 03:58:00",20.39,22.4633333333333,0,430.333333333333,0.00332130813483038,0
"960","2015-02-03 03:59:00",20.39,22.5,0,429.6,0.00332675846769344,0
"961","2015-02-03 04:00:00",20.39,22.5,0,433.5,0.00332675846769344,0
"962","2015-02-03 04:01:00",20.39,22.5,0,435.6,0.00332675846769344,0
"963","2015-02-03 04:01:59",20.39,22.5,0,434.666666666667,0.00332675846769344,0
"964","2015-02-03 04:02:59",20.39,22.5,0,432.333333333333,0.00332675846769344,0
"965","2015-02-03 04:04:00",20.39,22.5,0,438,0.00332675846769344,0
"966","2015-02-03 04:05:00",20.39,22.5,0,436.5,0.00332675846769344,0
"967","2015-02-03 04:06:00",20.39,22.5,0,440.75,0.00332675846769344,0
"968","2015-02-03 04:07:00",20.39,22.5,0,438,0.00332675846769344,0
"969","2015-02-03 04:08:00",20.39,22.5,0,434.75,0.00332675846769344,0
"970","2015-02-03 04:08:59",20.39,22.5,0,434.75,0.00332675846769344,0
"971","2015-02-03 04:09:59",20.39,22.5,0,435.666666666667,0.00332675846769344,0
"972","2015-02-03 04:11:00",20.39,22.5,0,434,0.00332675846769344,0
"973","2015-02-03 04:12:00",20.35,22.5,0,429.2,0.00331850539059036,0
"974","2015-02-03 04:13:00",20.39,22.5,0,431.5,0.00332675846769344,0
"975","2015-02-03 04:14:00",20.39,22.5,0,430,0.00332675846769344,0
"976","2015-02-03 04:14:59",20.39,22.5,0,434,0.00332675846769344,0
"977","2015-02-03 04:15:59",20.39,22.5,0,434.25,0.00332675846769344,0
"978","2015-02-03 04:17:00",20.39,22.5,0,432.4,0.00332675846769344,0
"979","2015-02-03 04:18:00",20.39,22.4633333333333,0,434.333333333333,0.00332130813483038,0
"980","2015-02-03 04:19:00",20.39,22.5,0,436.4,0.00332675846769344,0
"981","2015-02-03 04:20:00",20.39,22.5,0,435.75,0.00332675846769344,0
"982","2015-02-03 04:21:00",20.39,22.5,0,435.2,0.00332675846769344,0
"983","2015-02-03 04:21:59",20.39,22.5,0,436.75,0.00332675846769344,0
"984","2015-02-03 04:23:00",20.39,22.5,0,438.25,0.00332675846769344,0
"985","2015-02-03 04:24:00",20.39,22.5,0,438.75,0.00332675846769344,0
"986","2015-02-03 04:25:00",20.39,22.4725,0,437.5,0.00332267070913894,0
"987","2015-02-03 04:25:59",20.39,22.4633333333333,0,439.333333333333,0.00332130813483038,0
"988","2015-02-03 04:27:00",20.39,22.5,0,437.5,0.00332675846769344,0
"989","2015-02-03 04:27:59",20.39,22.5,0,433.6,0.00332675846769344,0
"990","2015-02-03 04:28:59",20.39,22.5,0,431.333333333333,0.00332675846769344,0
"991","2015-02-03 04:30:00",20.39,22.5,0,434.8,0.00332675846769344,0
"992","2015-02-03 04:31:00",20.39,22.4633333333333,0,433.333333333333,0.00332130813483038,0
"993","2015-02-03 04:32:00",20.39,22.4725,0,433.8,0.00332267070913894,0
"994","2015-02-03 04:33:00",20.39,22.5,0,436.5,0.00332675846769344,0
"995","2015-02-03 04:34:00",20.39,22.5,0,434,0.00332675846769344,0
"996","2015-02-03 04:34:59",20.39,22.4725,0,433.75,0.00332267070913894,0
"997","2015-02-03 04:36:00",20.39,22.445,0,435.5,0.00331858300402743,0
"998","2015-02-03 04:37:00",20.39,22.4266666666667,0,434.333333333333,0.00331585789697644,0
"999","2015-02-03 04:38:00",20.39,22.5,0,431.75,0.00332675846769344,0
"1000","2015-02-03 04:38:59",20.39,22.5,0,431.5,0.00332675846769344,0
"1001","2015-02-03 04:40:00",20.39,22.5,0,432.5,0.00332675846769344,0
"1002","2015-02-03 04:40:59",20.39,22.456,0,435.4,0.00332021807965894,0
"1003","2015-02-03 04:41:59",20.39,22.5,0,436.666666666667,0.00332675846769344,0
"1004","2015-02-03 04:43:00",20.39,22.5,0,432.6,0.00332675846769344,0
"1005","2015-02-03 04:44:00",20.39,22.4633333333333,0,433,0.00332130813483038,0
"1006","2015-02-03 04:45:00",20.39,22.445,0,431.5,0.00331858300402743,0
"1007","2015-02-03 04:46:00",20.39,22.5,0,431.8,0.00332675846769344,0
"1008","2015-02-03 04:46:59",20.39,22.5,0,439.666666666667,0.00332675846769344,0
"1009","2015-02-03 04:47:59",20.39,22.5,0,436.666666666667,0.00332675846769344,0
"1010","2015-02-03 04:49:00",20.39,22.5,0,439,0.00332675846769344,0
"1011","2015-02-03 04:50:00",20.39,22.5,0,436.25,0.00332675846769344,0
"1012","2015-02-03 04:51:00",20.39,22.5,0,435.8,0.00332675846769344,0
"1013","2015-02-03 04:52:00",20.39,22.4266666666667,0,438.333333333333,0.00331585789697644,0
"1014","2015-02-03 04:53:00",20.39,22.4725,0,436,0.00332267070913894,0
"1015","2015-02-03 04:53:59",20.39,22.5,0,433.666666666667,0.00332675846769344,0
"1016","2015-02-03 04:54:59",20.39,22.5,0,432.25,0.00332675846769344,0
"1017","2015-02-03 04:56:00",20.39,22.5,0,433.5,0.00332675846769344,0
"1018","2015-02-03 04:57:00",20.39,22.5,0,436.25,0.00332675846769344,0
"1019","2015-02-03 04:58:00",20.39,22.5,0,435,0.00332675846769344,0
"1020","2015-02-03 04:59:00",20.39,22.5,0,433.75,0.00332675846769344,0
"1021","2015-02-03 04:59:59",20.39,22.5,0,440.666666666667,0.00332675846769344,0
"1022","2015-02-03 05:00:59",20.39,22.5,0,441.2,0.00332675846769344,0
"1023","2015-02-03 05:02:00",20.39,22.5,0,435.25,0.00332675846769344,0
"1024","2015-02-03 05:03:00",20.39,22.5,0,437.25,0.00332675846769344,0
"1025","2015-02-03 05:04:00",20.39,22.5,0,435.5,0.00332675846769344,0
"1026","2015-02-03 05:05:00",20.39,22.5,0,439.75,0.00332675846769344,0
"1027","2015-02-03 05:06:00",20.39,22.5,0,438,0.00332675846769344,0
"1028","2015-02-03 05:06:59",20.39,22.5,0,435.25,0.00332675846769344,0
"1029","2015-02-03 05:08:00",20.39,22.5,0,434.2,0.00332675846769344,0
"1030","2015-02-03 05:09:00",20.39,22.5,0,435,0.00332675846769344,0
"1031","2015-02-03 05:10:00",20.365,22.5,0,436.5,0.00332159817811205,0
"1032","2015-02-03 05:10:59",20.39,22.5,0,434,0.00332675846769344,0
"1033","2015-02-03 05:12:00",20.39,22.5,0,435.25,0.00332675846769344,0
"1034","2015-02-03 05:12:59",20.39,22.5,0,432.75,0.00332675846769344,0
"1035","2015-02-03 05:13:59",20.39,22.5,0,432,0.00332675846769344,0
"1036","2015-02-03 05:15:00",20.39,22.5,0,432,0.00332675846769344,0
"1037","2015-02-03 05:16:00",20.39,22.5,0,431.5,0.00332675846769344,0
"1038","2015-02-03 05:17:00",20.39,22.5,0,435,0.00332675846769344,0
"1039","2015-02-03 05:18:00",20.39,22.5,0,437.666666666667,0.00332675846769344,0
"1040","2015-02-03 05:19:00",20.39,22.5,0,437.333333333333,0.00332675846769344,0
"1041","2015-02-03 05:19:59",20.365,22.5,0,438,0.00332159817811205,0
"1042","2015-02-03 05:21:00",20.365,22.5,0,434.25,0.00332159817811205,0
"1043","2015-02-03 05:22:00",20.34,22.575,0,435.75,0.00332755889929759,0
"1044","2015-02-03 05:23:00",20.315,22.6,0,433.25,0.00332609433192358,0
"1045","2015-02-03 05:23:59",20.315,22.6,0,434.75,0.00332609433192358,0
"1046","2015-02-03 05:25:00",20.3566666666667,22.6,0,439,0.0033347137758515,0
"1047","2015-02-03 05:25:59",20.34,22.6,0,439.25,0.00333126363950143,0
"1048","2015-02-03 05:26:59",20.365,22.575,0,438.5,0.00333272949673482,0
"1049","2015-02-03 05:28:00",20.29,22.6,0,437.6,0.00332093209327951,0
"1050","2015-02-03 05:29:00",20.29,22.6,0,434.5,0.00332093209327951,0
"1051","2015-02-03 05:30:00",20.29,22.6,0,435.5,0.00332093209327951,0
"1052","2015-02-03 05:31:00",20.3233333333333,22.6,0,436,0.00332781664860126,0
"1053","2015-02-03 05:31:59",20.29,22.6,0,435.2,0.00332093209327951,0
"1054","2015-02-03 05:32:59",20.3233333333333,22.6,0,433.666666666667,0.00332781664860126,0
"1055","2015-02-03 05:34:00",20.29,22.6,0,434.25,0.00332093209327951,0
"1056","2015-02-03 05:35:00",20.29,22.625,0,440.5,0.00332462532631483,0
"1057","2015-02-03 05:36:00",20.29,22.6333333333333,0,440.666666666667,0.00332585641368785,0
"1058","2015-02-03 05:37:00",20.29,22.675,0,438,0.00333201192326353,0
"1059","2015-02-03 05:38:00",20.29,22.7,0,433.8,0.00333570528717845,0
"1060","2015-02-03 05:38:59",20.29,22.7,0,435,0.00333570528717845,0
"1061","2015-02-03 05:39:59",20.29,22.7,0,434.75,0.00333570528717845,0
"1062","2015-02-03 05:41:00",20.29,22.7,0,437.333333333333,0.00333570528717845,0
"1063","2015-02-03 05:42:00",20.29,22.7,0,439.5,0.00333570528717845,0
"1064","2015-02-03 05:43:00",20.29,22.65,0,432.75,0.00332831860297592,0
"1065","2015-02-03 05:44:00",20.29,22.6,0,435,0.00332093209327951,0
"1066","2015-02-03 05:44:59",20.29,22.7,0,436.5,0.00333570528717845,0
"1067","2015-02-03 05:45:59",20.29,22.675,0,434.666666666667,0.00333201192326353,0
"1068","2015-02-03 05:47:00",20.29,22.7,0,436,0.00333570528717845,0
"1069","2015-02-03 05:48:00",20.29,22.7,0,441.5,0.00333570528717845,0
"1070","2015-02-03 05:49:00",20.29,22.7,0,436,0.00333570528717845,0
"1071","2015-02-03 05:50:00",20.29,22.675,0,435.75,0.00333201192326353,0
"1072","2015-02-03 05:51:00",20.29,22.65,0,431,0.00332831860297592,0
"1073","2015-02-03 05:51:59",20.29,22.7,0,434,0.00333570528717845,0
"1074","2015-02-03 05:53:00",20.29,22.7,0,436,0.00333570528717845,0
"1075","2015-02-03 05:54:00",20.29,22.7,0,436.5,0.00333570528717845,0
"1076","2015-02-03 05:55:00",20.29,22.7,0,436.5,0.00333570528717845,0
"1077","2015-02-03 05:55:59",20.29,22.7,0,436.25,0.00333570528717845,0
"1078","2015-02-03 05:57:00",20.29,22.7,0,437.666666666667,0.00333570528717845,0
"1079","2015-02-03 05:57:59",20.29,22.7,0,432.25,0.00333570528717845,0
"1080","2015-02-03 05:58:59",20.29,22.7,0,429.333333333333,0.00333570528717845,0
"1081","2015-02-03 06:00:00",20.29,22.7,0,432.25,0.00333570528717845,0
"1082","2015-02-03 06:01:00",20.272,22.68,0,437,0.00332902487101743,0
"1083","2015-02-03 06:02:00",20.26,22.6666666666667,0,433.333333333333,0.00332457700340578,0
"1084","2015-02-03 06:03:00",20.29,22.7,0,427.6,0.00333570528717845,0
"1085","2015-02-03 06:04:00",20.29,22.7,0,436,0.00333570528717845,0
"1086","2015-02-03 06:04:59",20.29,22.7,0,436.333333333333,0.00333570528717845,0
"1087","2015-02-03 06:06:00",20.29,22.7,0,435.25,0.00333570528717845,0
"1088","2015-02-03 06:07:00",20.29,22.7,0,436.25,0.00333570528717845,0
"1089","2015-02-03 06:08:00",20.29,22.7,0,434.25,0.00333570528717845,0
"1090","2015-02-03 06:08:59",20.29,22.7225,0,436,0.00333902935200387,0
"1091","2015-02-03 06:10:00",20.2675,22.7,0,434.5,0.00333104455852738,0
"1092","2015-02-03 06:10:59",20.26,22.76,0,435.666666666667,0.00333833991077244,0
"1093","2015-02-03 06:11:59",20.29,22.7,0,433,0.00333570528717845,0
"1094","2015-02-03 06:13:00",20.29,22.7,0,428.25,0.00333570528717845,0
"1095","2015-02-03 06:14:00",20.29,22.7,0,434.2,0.00333570528717845,0
"1096","2015-02-03 06:15:00",20.2675,22.675,0,437,0.0033273563825288,0
"1097","2015-02-03 06:16:00",20.2675,22.72,0,433.666666666667,0.00333399513065048,0
"1098","2015-02-03 06:16:59",20.29,22.76,0,434,0.00334456953857831,0
"1099","2015-02-03 06:17:59",20.29,22.772,0,439.6,0.00334634241901495,0
"1100","2015-02-03 06:19:00",20.29,22.79,0,435.666666666667,0.00334900175851823,0
"1101","2015-02-03 06:20:00",20.29,22.7675,0,431,0.00334567758767319,0
"1102","2015-02-03 06:21:00",20.29,22.76,0,433.333333333333,0.00334456953857831,0
"1103","2015-02-03 06:22:00",20.29,22.7,0,434.5,0.00333570528717845,0
"1104","2015-02-03 06:23:00",20.29,22.7,0,435,0.00333570528717845,0
"1105","2015-02-03 06:23:59",20.29,22.7,0,437.75,0.00333570528717845,0
"1106","2015-02-03 06:24:59",20.29,22.79,0,438.333333333333,0.00334900175851823,0
"1107","2015-02-03 06:26:00",20.29,22.7225,0,438,0.00333902935200387,0
"1108","2015-02-03 06:27:00",20.29,22.7,0,431.75,0.00333570528717845,0
"1109","2015-02-03 06:28:00",20.29,22.7675,0,432.75,0.00334567758767319,0
"1110","2015-02-03 06:29:00",20.29,22.7225,0,431.25,0.00333902935200387,0
"1111","2015-02-03 06:29:59",20.29,22.7,0,437.25,0.00333570528717845,0
"1112","2015-02-03 06:30:59",20.3233333333333,22.7,0,434.333333333333,0.00334262063221122,0
"1113","2015-02-03 06:32:00",20.365,22.7,0,429.5,0.00335128257512357,0
"1114","2015-02-03 06:33:00",20.39,22.7,0,430,0.00335648922862046,0
"1115","2015-02-03 06:34:00",20.39,22.7,0,434,0.00335648922862046,0
"1116","2015-02-03 06:35:00",20.39,22.7,0,437.75,0.00335648922862046,0
"1117","2015-02-03 06:36:00",20.39,22.7,0,434.666666666667,0.00335648922862046,0
"1118","2015-02-03 06:36:59",20.39,22.7,0,431.75,0.00335648922862046,0
"1119","2015-02-03 06:38:00",20.39,22.65,0,437.5,0.00334905627335497,0
"1120","2015-02-03 06:39:00",20.39,22.68,0,433.8,0.00335351602531066,0
"1121","2015-02-03 06:40:00",20.39,22.7,0,435.8,0.00335648922862046,0
"1122","2015-02-03 06:40:59",20.39,22.7,0,437.666666666667,0.00335648922862046,0
"1123","2015-02-03 06:42:00",20.39,22.7,0,434.25,0.00335648922862046,0
"1124","2015-02-03 06:42:59",20.39,22.675,0,433,0.00335277272890065,0
"1125","2015-02-03 06:43:59",20.39,22.7,0,436.25,0.00335648922862046,0
"1126","2015-02-03 06:45:00",20.37,22.7,0,436.8,0.00335232333614086,0
"1127","2015-02-03 06:46:00",20.3233333333333,22.7,0,438,0.00334262063221122,0
"1128","2015-02-03 06:47:00",20.29,22.7225,0,438.75,0.00333902935200387,0
"1129","2015-02-03 06:48:00",20.29,22.745,0,439.5,0.0033423534521686,0
"1130","2015-02-03 06:49:00",20.29,22.79,0,441.25,0.00334900175851823,0
"1131","2015-02-03 06:49:59",20.29,22.79,0,432,0.00334900175851823,0
"1132","2015-02-03 06:51:00",20.29,22.79,0,431.666666666667,0.00334900175851823,0
"1133","2015-02-03 06:52:00",20.29,22.79,0,435,0.00334900175851823,0
"1134","2015-02-03 06:53:00",20.29,22.79,0,435.75,0.00334900175851823,0
"1135","2015-02-03 06:53:59",20.26,22.79,0,436.333333333333,0.00334276383108678,0
"1136","2015-02-03 06:55:00",20.29,22.84,0,436,0.00335638893137085,0
"1137","2015-02-03 06:55:59",20.2675,22.84,0,439.25,0.00335169914813076,0
"1138","2015-02-03 06:56:59",20.245,22.815,0,435,0.00334333190248453,0
"1139","2015-02-03 06:58:00",20.236,22.83,0,431.4,0.00334367068060774,0
"1140","2015-02-03 06:59:00",20.29,22.89,0,435.333333333333,0.00336377627875311,0
"1141","2015-02-03 07:00:00",20.2,22.79,0,439.666666666667,0.00333031868245807,0
"1142","2015-02-03 07:01:00",20.218,22.81,0,431.4,0.00333698951696175,0
"1143","2015-02-03 07:01:59",20.245,22.84,0,431,0.00334701513999229,0
"1144","2015-02-03 07:02:59",20.2,22.79,0,431.75,0.00333031868245807,0
"1145","2015-02-03 07:04:00",20.245,22.84,0,437.75,0.00334701513999229,0
"1146","2015-02-03 07:05:00",20.2675,22.865,0,436.75,0.00335538761128267,0
"1147","2015-02-03 07:06:00",20.2,22.79,0,432,0.00333031868245807,0
"1148","2015-02-03 07:07:00",20.2225,22.815,0,433.25,0.0033386588389997,0
"1149","2015-02-03 07:08:00",20.2,22.79,0,434.5,0.00333031868245807,0
"1150","2015-02-03 07:08:59",20.2,22.79,0,436.5,0.00333031868245807,0
"1151","2015-02-03 07:09:59",20.2225,22.815,0,438.25,0.0033386588389997,0
"1152","2015-02-03 07:11:00",20.2,22.79,0,439,0.00333031868245807,0
"1153","2015-02-03 07:12:00",20.2,22.815,0,441.2,0.0033339915319245,0
"1154","2015-02-03 07:13:00",20.2225,22.8675,0,435.25,0.00334638281882292,0
"1155","2015-02-03 07:14:00",20.2,22.89,0,433.75,0.00334501033919613,0
"1156","2015-02-03 07:14:59",20.2,22.89,0,439.25,0.00334501033919613,0
"1157","2015-02-03 07:15:59",20.2,22.89,0,442,0.00334501033919613,0
"1158","2015-02-03 07:17:00",20.2,22.89,0,445.333333333333,0.00334501033919613,0
"1159","2015-02-03 07:18:00",20.2,22.89,0,440.6,0.00334501033919613,0
"1160","2015-02-03 07:19:00",20.2,22.89,0,440.666666666667,0.00334501033919613,0
"1161","2015-02-03 07:20:00",20.236,22.83,0,440.2,0.00334367068060774,0
"1162","2015-02-03 07:21:00",20.29,22.84,0,439.5,0.00335638893137085,0
"1163","2015-02-03 07:21:59",20.29,22.79,0,441.666666666667,0.00334900175851823,0
"1164","2015-02-03 07:23:00",20.29,22.79,0,440.5,0.00334900175851823,0
"1165","2015-02-03 07:24:00",20.29,22.79,0,437,0.00334900175851823,0
"1166","2015-02-03 07:25:00",20.29,22.79,0,439,0.00334900175851823,0
"1167","2015-02-03 07:25:59",20.29,22.79,0,438.5,0.00334900175851823,0
"1168","2015-02-03 07:27:00",20.29,22.79,0,438.5,0.00334900175851823,0
"1169","2015-02-03 07:27:59",20.315,22.79,0,440.25,0.00335420786423315,0
"1170","2015-02-03 07:28:59",20.3566666666667,22.7,0,445,0.003349548606077,0
"1171","2015-02-03 07:30:00",20.34,22.745,0,442.75,0.0033527519983685,0
"1172","2015-02-03 07:31:00",20.34,22.7225,0,439.75,0.00334941750105436,0
"1173","2015-02-03 07:32:00",20.315,22.7675,0,434.5,0.00335087849819304,0
"1174","2015-02-03 07:33:00",20.315,22.7675,0,437.5,0.00335087849819304,0
"1175","2015-02-03 07:34:00",20.29,22.79,0,440,0.00334900175851823,0
"1176","2015-02-03 07:34:59",20.29,22.79,0,438,0.00334900175851823,0
"1177","2015-02-03 07:36:00",20.29,22.79,217.2,441.6,0.00334900175851823,1
"1178","2015-02-03 07:37:00",20.29,22.8566666666667,413.666666666667,442.666666666667,0.00335885136110578,1
"1179","2015-02-03 07:38:00",20.29,22.956,433,445.6,0.00337352784454795,1
"1180","2015-02-03 07:38:59",20.29,23,419,453,0.00338002905736888,0
"1181","2015-02-03 07:40:00",20.315,23.1,419,459.25,0.00340008273894569,0
"1182","2015-02-03 07:40:59",20.29,23.2,419,470.4,0.003409581728402,0
"1183","2015-02-03 07:41:59",20.31,23.2,416.2,466,0.00341382178221691,0
"1184","2015-02-03 07:43:00",20.31,23.2,415,470.8,0.00341382178221691,1
"1185","2015-02-03 07:44:00",20.33,23.2,412.2,476.6,0.00341806648197945,1
"1186","2015-02-03 07:45:00",20.39,23.2,412.2,473,0.00343082850079598,1
"1187","2015-02-03 07:46:00",20.365,23.245,413.5,473,0.00343218686244567,1
"1188","2015-02-03 07:46:59",20.39,23.34,403.5,479.75,0.0034516466643212,1
"1189","2015-02-03 07:47:59",20.39,23.434,397.4,494.2,0.00346562535180023,1
"1190","2015-02-03 07:49:00",20.39,23.5,399.5,498.75,0.0034754405483064,1
"1191","2015-02-03 07:50:00",20.39,23.66,397.4,501,0.00349923624272876,1
"1192","2015-02-03 07:51:00",20.39,23.7,398.333333333333,507,0.00350518544923937,1
"1193","2015-02-03 07:52:00",20.39,23.7,399.5,518,0.00350518544923937,1
"1194","2015-02-03 07:53:00",20.445,23.8175,403,520,0.00353471318077689,1
"1195","2015-02-03 07:53:59",20.5,23.89,407.666666666667,523.666666666667,0.00355765893071744,1
"1196","2015-02-03 07:54:59",20.5,23.978,412.2,525.2,0.00357083897726138,1
"1197","2015-02-03 07:56:00",20.5,24.0333333333333,413,531.333333333333,0.00357912671517753,1
"1198","2015-02-03 07:57:00",20.5,24.1,414,538,0.00358911223325629,1
"1199","2015-02-03 07:58:00",20.5,24.1,412.2,536.4,0.00358911223325629,1
"1200","2015-02-03 07:59:00",20.5,24.1,413,538.333333333333,0.00358911223325629,1
"1201","2015-02-03 07:59:59",20.5,24.18,412.2,541,0.00360109527574641,1
"1202","2015-02-03 08:00:59",20.52,24.236,407.4,549.6,0.0036139664870275,1
"1203","2015-02-03 08:02:00",20.5,24.3233333333333,407,555.166666666667,0.0036225660416438,1
"1204","2015-02-03 08:03:00",20.5,24.39,405,561.5,0.00363255294654218,1
"1205","2015-02-03 08:04:00",20.5,24.39,405,569,0.00363255294654218,1
"1206","2015-02-03 08:05:00",20.56,24.39,405,568.2,0.00364610264536675,1
"1207","2015-02-03 08:06:00",20.55,24.39,412,572,0.00364384127303786,1
"1208","2015-02-03 08:06:59",20.55,24.39,416.666666666667,573.166666666667,0.00364384127303786,1
"1209","2015-02-03 08:08:00",20.58,24.39,419,583,0.00365062910171658,1
"1210","2015-02-03 08:09:00",20.6,24.39,419,585,0.00365516051087822,1
"1211","2015-02-03 08:10:00",20.6666666666667,24.39,419,584.666666666667,0.00367030103838176,1
"1212","2015-02-03 08:10:59",20.7,24.37,419,584.8,0.00367485829249482,1
"1213","2015-02-03 08:12:00",20.7,24.39,419,591.4,0.00367789201244977,1
"1214","2015-02-03 08:12:59",20.7,24.39,419,594.333333333333,0.00367789201244977,1
"1215","2015-02-03 08:13:59",20.7,24.39,419,600.5,0.00367789201244977,1
"1216","2015-02-03 08:15:00",20.736,24.39,419,601.4,0.0036861058054682,1
"1217","2015-02-03 08:16:00",20.73,24.39,419,606,0.00368473571810374,1
"1218","2015-02-03 08:17:00",20.7,24.5,419,608.75,0.00369457799808589,1
"1219","2015-02-03 08:18:00",20.754,24.5,419,616.8,0.00370696100370173,1
"1220","2015-02-03 08:19:00",20.79,24.5,419,624.2,0.00371523665252415,1
"1221","2015-02-03 08:19:59",20.772,24.52,419,625.6,0.00371414435124831,1
"1222","2015-02-03 08:21:00",20.7675,24.6,419,628.75,0.00372529627333651,1
"1223","2015-02-03 08:22:00",20.754,24.66,419,635.2,0.00373131495431088,1
"1224","2015-02-03 08:23:00",20.772,24.7,419,640.8,0.0037415736966499,1
"1225","2015-02-03 08:23:59",20.79,24.7,421.8,642.4,0.00374574775610345,1
"1226","2015-02-03 08:25:00",20.79,24.7,422.5,643.25,0.00374574775610345,1
"1227","2015-02-03 08:25:59",20.79,24.736,427.4,643.6,0.00375124007075525,1
"1228","2015-02-03 08:26:59",20.79,24.79,433,645.25,0.00375947872351275,1
"1229","2015-02-03 08:28:00",20.775,24.79,433,652.666666666667,0.00375598722728803,1
"1230","2015-02-03 08:29:00",20.79,24.79,433,658,0.00375947872351275,1
"1231","2015-02-03 08:30:00",20.79,24.79,433,665.5,0.00375947872351275,1
"1232","2015-02-03 08:31:00",20.79,24.79,433,666.333333333333,0.00375947872351275,1
"1233","2015-02-03 08:31:59",20.79,24.79,433,666.5,0.00375947872351275,1
"1234","2015-02-03 08:32:59",20.79,24.79,433,668.2,0.00375947872351275,1
"1235","2015-02-03 08:34:00",20.79,24.79,433,668,0.00375947872351275,1
"1236","2015-02-03 08:35:00",20.79,24.79,433,672.666666666667,0.00375947872351275,1
"1237","2015-02-03 08:36:00",20.79,24.79,433,672.75,0.00375947872351275,1
"1238","2015-02-03 08:37:00",20.79,24.79,433,679.2,0.00375947872351275,1
"1239","2015-02-03 08:38:00",20.815,24.815,433,683.5,0.0037691244531884,1